"","angle","ev","pheight","rad","ms","m","g","dist","xHR","HR"
"1",49,22,6.16167402146384,0.855211333477221,9.83459991059455,1.87798659599629,9.81,11.1879430683975,0,0
"2",65,41,6.61213796085212,1.13446401379631,18.3281180151989,2.01528130474006,9.81,27.1396442705221,0,0
"3",25,40,6.3073195687728,0.436332312998582,17.8810907465355,1.92237719255495,9.81,28.5700762559612,0,0
"4",74,107,6.42189700880554,1.2915436464758,47.8319177469826,1.95729869210775,9.81,124.146715756924,1,1
"5",18,59,6.09904681325424,0.314159265358979,26.3746088511399,1.85889875442068,9.81,46.7770588131715,0,0
"6",49,44,5.88537769564427,0.855211333477221,19.6691998211891,1.79377558538381,9.81,40.5548183544835,0,0
"7",47,81,6.64411344183609,0.820304748437335,36.2092087617345,2.0250269557562,9.81,135.186819482327,1,0
"8",24,110,6.40391715741716,0.418879020478639,49.1729995529727,1.95181870082815,9.81,187.455157129877,1,1
"9",71,84,5.81349468242843,1.23918376891597,37.5502905677246,1.77186671210863,9.81,89.0970495430089,0,0
"10",89,32,5.90180239155889,1.55334303427495,14.3048725972284,1.79878158840563,9.81,0.758127034629468,0,0
"11",37,10,6.56301177178975,0.645771823237902,4.47027268663388,2.00030837299291,9.81,3.46027406815947,0,0
"12",20,103,6.20213749767281,0.349065850398866,46.043808672329,1.8903192617107,9.81,143.925108762185,1,1
"13",26,44,6.16169235038105,0.453785605518526,19.6691998211891,1.87799218237765,9.81,34.541092176741,0,0
"14",3,13,6.18899278191384,0.0523598775598299,5.81135449262405,1.88631294785548,9.81,3.78331401167714,0,0
"15",41,1,6.39724397247192,0.715584993317675,0.447027268663388,1.94978481331055,9.81,0.223034962715728,0,0
"16",89,101,5.96413239256944,1.55334303427495,45.1497541350022,1.8177788456475,9.81,7.28364426633034,0,0
"17",27,44,6.55450488396455,0.471238898038469,19.6691998211891,1.99771560011111,9.81,35.4353861654389,0,0
"18",36,34,6.6256356775295,0.628318530717959,15.1989271345552,2.01939520802484,9.81,24.8959409635696,0,0
"19",95,27,6.51847095692065,1.65806278939461,12.0697362539115,1.98673299509925,9.81,-2.74213161522482,0,0
"20",5,44,6.25275065354072,0.0872664625997165,19.6691998211891,1.90574539882375,9.81,16.1085838806775,0,0
"21",84,15,6.02901354734786,1.46607657167524,6.70540902995083,1.83755365661318,9.81,1.11760550458439,0,0
"22",34,114,6.40052089218516,0.593411945678072,50.9611086276263,1.95078356969984,9.81,248.315386592377,1,1
"23",92,79,6.64698943730909,1.60570291183478,35.3151542244077,2.02590351640021,9.81,-8.93843643752655,0,0
"24",3,108,6.68268492636271,0.0523598775598299,48.278945015646,2.03678297054639,9.81,45.8759392161329,0,0
"25",58,44,5.84706754649524,1.01229096615671,19.6691998211891,1.78209922172973,9.81,36.526416127863,0,0
"26",97,7,6.14416406920645,1.6929693744345,3.12919088064372,1.87264982298277,9.81,-0.385501249564623,0,0
"27",42,118,6.52555982810445,0.733038285837618,52.7492177022798,1.98889357759965,9.81,284.275166832254,1,1
"28",24,108,6.29309892908204,0.418879020478639,48.278945015646,1.9180429530881,9.81,180.778975014575,1,1
"29",30,101,6.07401806942653,0.523598775598299,45.1497541350022,1.85127036556737,9.81,183.109826944937,1,1
"30",43,101,6.16207434388343,0.750491578357562,45.1497541350022,1.87810860831558,9.81,209.286837725176,1,1
"31",15,71,5.82483620774001,0.261799387799149,31.7389360751006,1.77532344033527,9.81,57.2822234877194,0,0
"32",22,94,6.56409431847278,0.383972435438752,42.0205632543585,2.00063831712063,9.81,129.803184265251,1,0
"33",58,36,5.82793033239432,1.01229096615671,16.092981671882,1.77626648350939,9.81,24.7905377766645,0,0
"34",8,86,6.38706264840439,0.139626340159546,38.4443451050514,1.94668169716684,9.81,52.486523281273,0,0
"35",36,104,6.33715699431486,0.628318530717959,46.4908359409924,1.9314711960728,9.81,212.167999620594,1,1
"36",68,9,6.0813499342883,1.18682389135614,4.0232454179705,1.85350500892664,9.81,1.66248509030975,0,0
"37",86,59,6.68821909029502,1.50098315671512,26.3746088511399,2.0384697014005,9.81,10.0092059394232,0,0
"38",18,74,6.54603424514644,0.314159265358979,33.0800178810907,1.99513387538752,9.81,71.2193717458698,0,0
"39",92,90,6.3469461370958,1.60570291183478,40.232454179705,1.93445478119348,9.81,-11.5769815548231,0,0
"40",69,22,5.92430137223564,1.20427718387609,9.83459991059455,1.805638943077,9.81,7.22961595249964,0,0
"41",4,32,6.58383444601204,0.0698131700797732,14.3048725972284,2.00665481438953,9.81,10.693507508242,0,0
"42",98,85,6.31937896867748,1.71042266695444,37.997317836388,1.92605271828024,9.81,-40.8360988818405,0,0
"43",50,14,6.51925531362649,0.872664625997165,6.25838176128744,1.98697205535705,9.81,5.19406751374858,0,0
"44",99,67,5.82537658547517,1.72787595947439,29.950827000447,1.77548813943163,9.81,-28.5357870880948,0,0
"45",88,59,6.03072196634021,1.53588974175501,26.3746088511399,1.83807435731186,9.81,5.00975599594668,0,0
"46",87,102,6.48109022211283,1.51843644923507,45.5967814036656,1.97533990311272,9.81,22.2561145774617,0,0
"47",49,106,6.54695347442757,0.855211333477221,47.3848904783192,1.99541404280024,9.81,228.375585875371,1,1
"48",26,9,6.27134102389682,0.453785605518526,4.0232454179705,1.91141146720415,9.81,2.99918602770124,0,0
"49",6,71,6.37414383122232,0.10471975511966,31.7389360751006,1.94274423383795,9.81,33.2267243778702,0,0
"50",6,94,6.23911504512653,0.10471975511966,42.0205632543585,1.90158946818852,9.81,50.7608880392192,0,0
"51",2,91,6.32365473820828,0.0349065850398866,40.6794814483683,1.92735590923751,9.81,32.0381202074444,0,0
"52",3,98,5.89033302043099,0.0523598775598299,43.8086723290121,1.79528589467571,9.81,38.5986110973377,0,0
"53",21,44,6.55745257174131,0.366519142918809,19.6691998211891,1.99861401150299,9.81,30.8431305414042,0,0
"54",2,83,6.16224448729772,0.0349065850398866,37.1032632990612,1.87816046549763,9.81,28.3560684602672,0,0
"55",58,54,6.49534415241797,1.01229096615671,24.139472507823,1.97968428906369,9.81,54.5980154542884,0,0
"56",10,119,6.656312065362,0.174532925199433,53.1962449709432,2.0287449147705,9.81,109.068482319032,1,1
"57",40,47,6.03892208363395,0.698131700797732,21.0102816271793,1.84057363109843,9.81,46.4090489353945,0,0
"58",5,7,6.54636774850078,0.0872664625997165,3.12919088064372,1.99523552224955,9.81,2.07672280465307,0,0
"59",33,95,6.38829498430714,0.575958653158129,42.4675905230219,1.94705729482083,9.81,170.895115051061,1,0
"60",49,2,6.51866357326508,0.855211333477221,0.894054537326777,1.98679170169615,9.81,0.415822817545848,0,0
"61",73,104,5.96753630922176,1.27409035395586,46.4908359409924,1.81881630881492,9.81,123.758302953519,1,1
"62",29,47,6.47923681735992,0.506145483078356,21.0102816271793,1.97477501291067,9.81,41.4411693025867,0,0
"63",76,74,6.46232833161484,1.32645023151569,33.0800178810907,1.96962155794418,9.81,52.8552565223196,0,0
"64",84,12,6.47660717377439,1.46607657167524,5.36432722396066,1.97397353665785,9.81,0.773465946327391,0,0
"65",9,102,6.09935303602833,0.15707963267949,45.5967814036656,1.85899208656761,9.81,75.6518061938932,0,0
"66",35,17,5.85179376180749,0.610865238198015,7.5994635672776,1.78353970186147,9.81,7.42879989369399,0,0
"67",93,102,6.40697390276473,1.62315620435473,45.5967814036656,1.95275035134554,9.81,-22.2549415595719,0,0
"68",16,84,5.83741315579973,0.279252680319093,37.5502905677246,1.77915670704045,9.81,81.9349547610627,0,0
"69",92,4,6.37920672872569,1.60570291183478,1.78810907465355,1.9442873296939,9.81,-0.0522684746533789,0,0
"70",69,30,6.0696440562373,1.20427718387609,13.4108180599017,1.84993723140424,9.81,12.9405801836797,0,0
"71",92,55,6.15408797245473,1.60570291183478,24.5864997764864,1.87567448108952,9.81,-4.36295193263782,0,0
"72",2,19,6.63115383600816,0.0349065850398866,8.49351810460438,2.02107706065473,9.81,5.71124280884119,0,0
"73",82,81,6.41129601437133,1.43116998663535,36.2092087617345,1.95406766667825,9.81,37.1115499986828,0,0
"74",24,102,6.44579167736229,0.418879020478639,45.5967814036656,1.96458143168616,9.81,161.792571549423,1,1
"75",18,112,6.4454229589086,0.314159265358979,50.0670540902995,1.96446905178561,9.81,156.014860183751,1,1
"76",69,66,6.00535485304426,1.20427718387609,29.5037997317836,1.83034283847737,9.81,60.0686823813095,0,0
"77",55,111,6.16789654605091,0.959931088596881,49.6200268216361,1.87988312893962,9.81,237.156282735073,1,1
"78",40,7,6.31400256662164,0.698131700797732,3.12919088064372,1.92441407089962,9.81,2.07135526619122,0,0
"79",21,18,6.59150513401255,0.366519142918809,8.04649083594099,2.008992726002,9.81,7.49857768915519,0,0
"80",57,113,6.33521022417117,0.994837673636768,50.5140813589629,1.93087784948832,9.81,238.869065212642,1,1
"81",42,9,6.62633063117974,0.733038285837618,4.0232454179705,2.01960701956103,9.81,2.90707287073507,0,0
"82",18,78,6.11624535371084,0.314159265358979,34.8681269557443,1.86414061374911,9.81,78.1912476660215,0,0
"83",91,60,6.02858956679702,1.58824961931484,26.8216361198033,1.83742443364737,9.81,-2.59097721870361,0,0
"84",13,11,6.44270039207768,0.226892802759263,4.91729995529727,1.96363925390969,9.81,3.6195458844918,0,0
"85",53,34,5.9966234395979,0.925024503556995,15.1989271345552,1.82768163352572,9.81,23.9382670854001,0,0
"86",54,51,6.19902908816002,0.942477796076938,22.7983907018328,1.88937186472418,9.81,51.7273785472936,0,0
"87",83,111,6.42659141374752,1.44862327915529,49.6200268216361,1.95872947691177,9.81,60.9579342166391,0,0
"88",32,31,6.40615372788161,0.558505360638185,13.857845328565,1.95250037424005,9.81,20.3026274044264,0,0
"89",80,60,5.96248525702395,1.39626340159546,26.8216361198033,1.81727682323192,9.81,25.3979254133208,0,0
"90",60,53,6.45857065883465,1.0471975511966,23.6924452391596,1.96847627517057,9.81,50.6658721116511,0,0
"91",29,105,6.0939066842664,0.506145483078356,46.9378632096558,1.85733211955697,9.81,193.751265692998,1,1
"92",81,33,6.11718213218264,1.41371669411541,14.7518998658918,1.86442612989413,9.81,7.13859461248717,0,0
"93",73,103,6.51009386496153,1.27409035395586,46.043808672329,1.98417978206691,9.81,121.450401431719,1,1
"94",85,0,6.12808336240705,1.48352986419518,0,1.86774866272693,9.81,0,0,0
"95",43,76,6.05484484122135,0.750491578357562,33.9740724184175,1.84542665078371,9.81,119.31936484804,1,0
"96",58,6,6.03455763503443,1.01229096615671,2.68216361198033,1.83924341207999,9.81,1.26021438118925,0,0
"97",72,74,5.82422779870685,1.25663706143592,33.0800178810907,1.77513800631114,9.81,66.1381621936875,0,0
"98",29,10,6.39066342662554,0.506145483078356,4.47027268663388,1.94777916081242,9.81,3.47456281658775,0,0
"99",55,76,6.4721019127639,0.959931088596881,33.9740724184175,1.97260040011091,9.81,111.927955513671,1,0
"100",38,62,6.36803095701616,0.663225115757845,27.7156906571301,1.94088112069984,9.81,78.3856691956292,0,0
"101",1,100,5.84906628946774,0.0174532925199433,44.7027268663388,1.78270840885941,9.81,30.7336629037094,0,0
"102",13,97,6.27455637811217,0.226892802759263,43.3616450603487,1.91239145934537,9.81,91.6169776006899,0,0
"103",78,14,5.87899522737134,1.36135681655558,6.25838176128744,1.79183030398395,9.81,1.94236103909022,0,0
"104",5,36,6.04325877618976,0.0872664625997165,16.092981671882,1.84189539048758,9.81,12.3801365003715,0,0
"105",73,13,5.80114527537953,1.27409035395586,5.81135449262405,1.76810279651921,9.81,2.36507083493398,0,0
"106",55,100,6.43586291323882,0.959931088596881,44.7027268663388,1.96155529205694,9.81,192.782690318171,1,1
"107",16,89,6.51737232159357,0.279252680319093,39.7854269110416,1.98639814739213,9.81,91.9464956106346,0,0
"108",90,48,5.92086358829401,1.5707963267949,21.4573088958426,1.80459115766352,9.81,5.85593649048322e-15,0,0
"109",43,27,6.33921743123792,0.750491578357562,12.0697362539115,1.93209918660101,9.81,16.6565361696115,0,0
"110",42,81,6.12329231998883,0.733038285837618,36.2092087617345,1.86628842425749,9.81,134.959253250093,1,0
"111",42,58,6.41025810362771,0.733038285837618,25.9275815824765,1.95375132692097,9.81,70.2554009370284,0,0
"112",97,117,6.12933706378099,1.6929693744345,52.3021904336164,1.86813077225876,9.81,-67.688538924911,0,0
"113",57,16,6.52079790944699,0.994837673636768,7.15243629861421,1.98744221561932,9.81,5.82037544500746,0,0
"114",29,49,6.68832724785898,0.506145483078356,21.904336164506,2.03850266621731,9.81,44.8764258439282,0,0
"115",25,38,6.23493463315535,0.436332312998582,16.9870362092088,1.90031534079712,9.81,26.0571462646066,0,0
"116",63,108,5.87083133582491,1.09955742875643,48.278945015646,1.78934207126636,9.81,193.129913300545,1,1
"117",32,33,5.92100955096539,0.558505360638185,14.7518998658918,1.80463564491478,9.81,22.4977161237545,0,0
"118",81,75,6.60490203797817,1.41371669411541,33.5270451497541,2.01307590307168,9.81,35.7242247674853,0,0
"119",14,93,6.44219192487653,0.244346095279206,41.5735359856951,1.96348428066947,9.81,89.9542557865233,0,0
"120",6,34,6.58675051745959,0.10471975511966,15.1989271345552,2.00754358959451,9.81,12.4233072251767,0,0
"121",47,19,6.61339738371316,0.820304748437335,8.49351810460438,2.01566515809606,9.81,8.8872922343123,0,0
"122",43,89,6.22956996283028,0.750491578357562,39.7854269110416,1.89868026907354,9.81,162.971652294552,1,0
"123",62,88,5.86010072699282,1.08210413623648,39.3383996423782,1.7860715412962,9.81,131.722044944068,1,0
"124",37,7,6.44789114168379,0.645771823237902,3.12919088064372,1.96522131718494,9.81,2.13274398608222,0,0
"125",80,19,6.04473612413276,1.39626340159546,8.49351810460438,1.84234566416725,9.81,2.80626674576457,0,0
"126",31,27,6.09392231358215,0.541052068118242,12.0697362539115,1.85733688313994,9.81,15.6942586126509,0,0
"127",34,54,6.14654466423672,0.593411945678072,24.139472507823,1.87337539294018,9.81,57.7246283273011,0,0
"128",94,109,6.09763863759581,1.64060949687467,48.7259722843093,1.85846956342451,9.81,-33.8121924013478,0,0
"129",96,96,5.88872228309046,1.67551608191456,42.9146177916853,1.79479496589164,9.81,-39.2197012263732,0,0
"130",6,55,6.32306089859921,0.10471975511966,24.5864997764864,1.92717491575715,9.81,23.0174136959693,0,0
"131",86,45,6.48057287512347,1.50098315671512,20.1162270898525,1.97518222344513,9.81,5.87583785927966,0,0
"132",38,84,6.26530373538844,0.663225115757845,37.5502905677246,1.90957139146249,9.81,141.866615272915,1,0
"133",95,119,6.04707321624737,1.65806278939461,53.1962449709432,1.84305797508301,9.81,-50.2521317759845,0,0
"134",6,113,6.20015599753242,0.10471975511966,50.5140813589629,1.88971532993978,9.81,68.3131115228167,0,0
"135",84,55,6.60604565059766,1.46607657167524,24.5864997764864,2.01342445918856,9.81,13.0198331830708,0,0
"136",15,97,6.62915431812871,0.261799387799149,43.3616450603487,2.02046763734493,9.81,102.857882761214,1,1
"137",34,61,6.26920277965255,0.593411945678072,27.2686633884667,1.9107597621617,9.81,73.0058381857271,0,0
"138",42,68,6.48927668926772,0.733038285837618,30.3978542691104,1.97783501653999,9.81,95.8240001689186,0,0
"139",87,41,6.4900493697729,1.51843644923507,18.3281180151989,1.9780705180655,9.81,3.68015250925751,0,0
"140",60,11,6.55440672873519,1.0471975511966,4.91729995529727,1.99768568385711,9.81,2.9649487920127,0,0
"141",12,2,6.64667472115252,0.20943951023932,0.894054537326777,2.02580759559662,9.81,0.578830110333032,0,0
"142",26,17,6.18050690521486,0.453785605518526,7.5994635672776,1.88372657885244,9.81,7.14624076947301,0,0
"143",41,113,6.34426230010577,0.715584993317675,50.5140813589629,1.933636787597,9.81,259.783462601683,1,1
"144",65,49,5.99817804060876,1.13446401379631,21.904336164506,1.82815545279145,9.81,38.3005965363667,0,0
"145",66,46,6.57327883937396,1.15191730631626,20.5632543585159,2.00343762248521,9.81,32.9007447951204,0,0
"146",56,64,6.63492349511944,0.977384381116825,28.6097451944569,2.02222599668377,9.81,78.7022626769999,0,0
"147",24,7,6.32509465257172,0.418879020478639,3.12919088064372,1.9277947737189,9.81,2.20100419165165,0,0
"148",98,114,6.39296044297516,1.71042266695444,50.9611086276263,1.94847925723108,9.81,-73.243233527888,0,0
"149",25,103,5.85877762408927,0.436332312998582,46.043808672329,1.78566827921038,9.81,169.294009539461,1,1
"150",92,29,6.02009280745406,1.60570291183478,12.9637907912383,1.83483474777631,9.81,-1.25599582144063,0,0
"151",61,19,6.25804281160235,1.06465084371654,8.49351810460438,1.90735836988795,9.81,7.15748822920368,0,0
"152",62,50,6.26344885185827,1.08210413623648,22.3513634331694,1.90900605055113,9.81,43.2112560874838,0,0
"153",14,33,6.48729700967669,0.244346095279206,14.7518998658918,1.97723163964544,9.81,15.6812036810119,0,0
"154",34,63,6.04106636284851,0.593411945678072,28.1627179257935,1.84122717551006,9.81,77.5998024596019,0,0
"155",66,20,6.41896681929938,1.15191730631626,8.94054537326777,1.95640561392849,9.81,6.82775241805416,0,0
"156",95,51,6.30195298905019,1.65806278939461,22.7983907018328,1.9207415388754,9.81,-9.36554248884073,0,0
"157",32,82,6.18787894495763,0.558505360638185,36.6562360303978,1.8859734669179,9.81,126.055794452014,1,0
"158",27,106,6.5748235396808,0.471238898038469,47.3848904783192,2.00390842416361,9.81,189.021780165499,1,1
"159",10,110,5.90050218948163,0.174532925199433,49.1729995529727,1.79838530615106,9.81,93.4976584137939,0,0
"160",57,81,6.08467453822959,0.994837673636768,36.2092087617345,1.8545182987594,9.81,123.288065780702,1,0
"161",28,39,6.46689037163742,0.488692190558412,17.4340634778722,1.97101199988949,9.81,28.9728020174628,0,0
"162",37,23,6.29195079002529,0.645771823237902,10.2816271792579,1.91769301738046,9.81,12.472083338072,0,0
"163",10,41,5.96174249320757,0.174532925199433,18.3281180151989,1.8170504398682,9.81,18.3049036812347,0,0
"164",5,28,6.41346539717633,0.0872664625997165,12.5167635225749,1.95472886229087,9.81,9.37935552751025,0,0
"165",35,33,5.89478539121337,0.610865238198015,14.7518998658918,1.79664291106778,9.81,23.1554284698569,0,0
"166",78,21,6.05972460147459,1.36135681655558,9.38757264193116,1.84691392912971,9.81,4.01143127443076,0,0
"167",14,3,6.45164869774599,0.244346095279206,1.34108180599017,1.96636656438463,9.81,0.868053554840744,0,0
"168",28,86,5.84085204238072,0.488692190558412,38.4443451050514,1.78020482852201,9.81,128.1650576035,1,0
"169",97,16,5.89794088229537,1.6929693744345,7.15243629861421,1.79760465781633,9.81,-1.45319288470184,0,0
"170",99,107,6.17586520714685,1.72787595947439,47.8319177469826,1.88231185831967,9.81,-72.3659800588443,0,0
"171",54,118,6.33687313508708,0.942477796076938,52.7492177022798,1.93138468000216,9.81,271.150922509694,1,1
"172",90,19,5.97748506586067,1.5707963267949,8.49351810460438,1.82184854186549,9.81,1.00090582285161e-15,0,0
"173",31,50,6.25099534366746,0.541052068118242,22.3513634331694,1.905210406482,9.81,47.9390231302499,0,0
"174",43,38,6.54224965136964,0.750491578357562,16.9870362092088,1.99398038749456,9.81,31.3448970154849,0,0
"175",52,8,5.88284897981212,0.907571211037051,3.57621814930711,1.79300487040906,9.81,2.10628915356323,0,0
"176",96,62,6.22336812687572,1.67551608191456,27.7156906571301,1.89679004171768,9.81,-16.4772365552348,0,0
"177",81,61,6.59284556105267,1.41371669411541,27.2686633884667,2.00940126822697,9.81,23.7369685116407,0,0
"178",59,18,6.19215582613833,1.02974425867665,8.04649083594099,1.88727699668953,9.81,6.79935352729707,0,0
"179",27,20,6.04899024823681,0.471238898038469,8.94054537326777,1.84364225792039,9.81,9.18800182637215,0,0
"180",30,106,5.85142113319598,0.523598775598299,47.3848904783192,1.78342613020298,9.81,201.25951342443,1,1
"181",52,106,6.59643350825645,0.907571211037051,47.3848904783192,2.01049482116929,9.81,223.642589202364,1,1
"182",84,62,5.93309689529706,1.46607657167524,27.7156906571301,1.80831968768578,9.81,16.468152691995,0,0
"183",75,107,6.08564333515242,1.30899693899575,47.8319177469826,1.85481357365206,9.81,117.10510724732,1,1
"184",81,80,6.41255438572261,1.41371669411541,35.7621814930711,1.95445119954971,9.81,40.5938811684407,0,0
"185",73,97,6.05436370845418,1.27409035395586,43.3616450603487,1.84528000867241,9.81,107.738848712141,1,1
"186",17,115,6.18226790137123,0.296705972839036,51.4081358962897,1.8842633042887,9.81,156.575307013642,1,1
"187",62,6,6.23879018225707,1.08210413623648,2.68216361198033,1.90149045481776,9.81,1.14485940742502,0,0
"188",13,48,6.01727405933198,0.226892802759263,21.4573088958426,1.83397563527338,9.81,26.6963357864874,0,0
"189",95,67,6.12413530014455,1.65806278939461,29.950827000447,1.86654535207088,9.81,-16.0404989964891,0,0
"190",63,44,5.86223924071528,1.09955742875643,19.6691998211891,1.78672332847159,9.81,32.7910292053734,0,0
"191",49,114,6.12462570790667,0.855211333477221,50.9611086276263,1.86669482106269,9.81,263.769797943498,1,1
"192",61,64,6.68468124046922,1.06465084371654,28.6097451944569,2.03739141739385,9.81,71.8705095287626,0,0
"193",1,91,5.97105664107949,0.0174532925199433,40.6794814483683,1.81988925360545,9.81,27.8927163405381,0,0
"194",17,80,6.584703145409,0.296705972839036,35.7621814930711,2.00691958104511,9.81,78.9627172913678,0,0
"195",33,35,5.90132612385787,0.575958653158129,15.6459544032186,1.79863642909414,9.81,25.2926490438595,0,0
"196",28,56,5.97467996557243,0.488692190558412,25.0335270451498,1.82099358901933,9.81,56.1881956021595,0,0
"197",2,33,6.45714092324488,0.0349065850398866,14.7518998658918,1.968040513028,9.81,10.1442923088725,0,0
"198",31,26,6.04322311098222,0.541052068118242,11.6227089852481,1.84188452026279,9.81,14.694840392091,0,0
"199",8,92,5.98905652479734,0.139626340159546,41.1265087170317,1.82537535044113,9.81,58.1405255860373,0,0
"200",80,25,6.32428082781844,1.39626340159546,11.1756817165847,1.92754673203854,9.81,4.67125044090635,0,0
"201",3,56,5.87590609875042,0.0523598775598299,25.0335270451498,1.79088878352649,9.81,18.8089992086238,0,0
"202",13,84,6.22471526467707,0.226892802759263,37.5502905677246,1.89720062928286,9.81,70.3669073653543,0,0
"203",12,103,6.07520200193394,0.20943951023932,46.043808672329,1.85163121058639,9.81,95.8853059750205,0,0
"204",65,34,6.60163232753985,1.13446401379631,15.1989271345552,2.01207934396216,9.81,18.9328792321689,0,0
"205",30,57,5.99042604898568,0.523598775598299,25.4805543138131,1.8257927610441,9.81,60.3212972530354,0,0
"206",51,12,6.26892307386734,0.890117918517108,5.36432722396066,1.91067451199858,9.81,3.9836362998589,0,0
"207",60,97,5.81274527239148,1.0471975511966,43.3616450603487,1.77163830307573,9.81,167.003265749342,1,1
"208",95,118,6.27413493413478,1.65806278939461,52.7492177022798,1.91226300948942,9.81,-49.4198027172817,0,0
"209",37,99,6.14699472822249,0.645771823237902,44.2556995976755,1.87351256574901,9.81,194.370776251848,1,1
"210",47,40,5.80138046382926,0.820304748437335,17.8810907465355,1.76817447846061,9.81,34.0859755035644,0,0
"211",56,42,6.30974512810353,0.977384381116825,18.7751452838623,1.92311646696237,9.81,34.5670561402992,0,0
"212",70,91,6.20304332952946,1.22173047639603,40.6794814483683,1.89059534578771,9.81,109.113770092655,1,0
"213",16,9,6.35429699660745,0.279252680319093,4.0232454179705,1.93669521383951,9.81,2.90632413137509,0,0
"214",10,95,5.84519191335421,0.174532925199433,42.4675905230219,1.7815275566456,9.81,71.7340609633626,0,0
"215",71,109,6.38747023395263,1.23918376891597,48.7259722843093,1.94680592317971,9.81,149.670002401102,1,1
"216",73,26,6.09071133765392,1.27409035395586,11.6227089852481,1.85635822543551,9.81,8.23123253764724,0,0
"217",25,96,5.94260607161559,0.436332312998582,42.9146177916853,1.8112179431928,9.81,147.596683774362,1,1
"218",3,64,5.99068685504608,0.0523598775598299,28.6097451944569,1.8258722508522,9.81,22.3294294823533,0,0
"219",82,77,6.13508386758622,1.43116998663535,34.4210996870809,1.86988231258342,9.81,33.5511168976125,0,0
"220",53,115,6.40631920718588,0.925024503556995,51.4081358962897,1.95255080987073,9.81,260.425266272571,1,1
"221",28,57,5.94097916726023,0.488692190558412,25.4805543138131,1.81072208694307,9.81,58.085354243666,0,0
"222",79,116,6.1633899011882,1.37881010907552,51.8551631649531,1.87850957061512,9.81,103.044934043514,1,1
"223",93,95,6.03631617194042,1.62315620435473,42.4675905230219,1.83977938797331,9.81,-19.3127278444602,0,0
"224",57,27,6.11463940537069,0.994837673636768,12.0697362539115,1.86365114458113,9.81,14.684267944896,0,0
"225",84,106,5.90185301594902,1.46607657167524,47.3848904783192,1.79879701796678,9.81,47.7754626342684,0,0
"226",89,31,6.06403288524598,1.55334303427495,13.857845328565,1.84822702994391,9.81,0.714056504158872,0,0
"227",80,104,5.91890064359177,1.39626340159546,46.4908359409924,1.80399288131416,9.81,75.672683059501,0,0
"228",88,29,6.21237953312229,1.53588974175501,12.9637907912383,1.89344088178064,9.81,1.2578503043309,0,0
"229",97,114,6.46205244923476,1.6929693744345,50.9611086276263,1.96953747309807,9.81,-64.2857269375766,0,0
"230",61,36,5.8484642410418,1.06465084371654,16.092981671882,1.78252491345376,9.81,23.3364087688611,0,0
"231",43,116,6.15334944988135,0.750491578357562,51.8551631649531,1.87544939039358,9.81,275.43265761939,1,1
"232",22,97,6.55739778804127,0.383972435438752,43.3616450603487,1.99859731424604,9.81,137.917019116443,1,1
"233",26,104,6.15809100638144,0.453785605518526,46.4908359409924,1.8768945462912,9.81,177.385732365633,1,1
"234",54,98,6.21073310144711,0.942477796076938,43.8086723290121,1.89293907389427,9.81,187.427203944326,1,1
"235",54,23,6.66233083782718,0.942477796076938,10.2816271792579,2.03057934709758,9.81,11.5568073109016,0,0
"236",84,43,6.49830459367949,1.46607657167524,19.2221725525257,1.98058658752804,9.81,8.03386748434047,0,0
"237",55,33,6.22904630887788,0.959931088596881,14.7518998658918,1.89852066713742,9.81,22.0994496274557,0,0
"238",54,87,6.68611275658477,0.942477796076938,38.8913723737148,2.03782772221419,9.81,148.103011263026,1,0
"239",58,27,6.06605059981812,1.01229096615671,12.0697362539115,1.84884199933499,9.81,14.416668652789,0,0
"240",45,47,5.96320547352079,0.785398163397448,21.0102816271793,1.81749633450801,9.81,46.7476369620408,0,0
"241",37,17,6.49529926083051,0.645771823237902,7.5994635672776,1.97967060677553,9.81,7.61204495176455,0,0
"242",43,29,6.58365042572841,0.750491578357562,12.9637907912383,2.00659872774411,9.81,19.0228963047558,0,0
"243",79,21,6.08173402724788,1.37881010907552,9.38757264193116,1.8536220747479,9.81,3.69349968945105,0,0
"244",85,25,6.62283851406537,1.48352986419518,11.1756817165847,2.01854267420462,9.81,2.37517681728861,0,0
"245",34,48,6.62359854166862,0.593411945678072,21.4573088958426,2.01877431931381,9.81,46.3271694839464,0,0
"246",25,83,6.52674856490921,0.436332312998582,37.1032632990612,1.98925588689705,9.81,111.609096140232,1,0
"247",65,94,6.11755330297165,1.13446401379631,42.0205632543585,1.86453925723,9.81,138.746391313873,1,0
"248",14,103,6.40801578506362,0.244346095279206,46.043808672329,1.95306790157379,9.81,108.764239030961,1,1
"249",49,29,6.04200720402878,0.855211333477221,12.9637907912383,1.84151392990819,9.81,18.4376840699842,0,0
"250",11,71,6.66195729139727,0.191986217719376,31.7389360751006,2.0304654957017,9.81,47.0141045111481,0,0
"251",28,50,5.90924034889322,0.488692190558412,22.3513634331694,1.80104856717257,9.81,45.3714804271686,0,0
"252",18,46,6.09067709590308,0.314159265358979,20.5632543585159,1.85634778905915,9.81,30.1385285971242,0,0
"253",55,88,6.36590760825202,0.959931088596881,39.3383996423782,1.94023395557818,9.81,149.581142941717,1,0
"254",98,57,6.01773654613644,1.71042266695444,25.4805543138131,1.83411659437258,9.81,-18.4968286013599,0,0
"255",42,37,6.63587084736209,0.733038285837618,16.5400089405454,2.02251473555687,9.81,29.8231732283021,0,0
"256",36,98,6.33352133249864,0.628318530717959,43.8086723290121,1.93036310042628,9.81,188.681944481717,1,1
"257",20,64,6.12482503668871,0.349065850398866,28.6097451944569,1.86675557351073,9.81,58.3467589457461,0,0
"258",79,29,6.34752245978452,1.37881010907552,12.9637907912383,1.93463043577706,9.81,6.77384260502626,0,0
"259",61,46,6.34282064503059,1.06465084371654,20.5632543585159,1.93319739257257,9.81,37.5959141782677,0,0
"260",71,3,6.59290289264172,1.23918376891597,1.34108180599017,2.00941874204259,9.81,0.341532907097752,0,0
"261",27,27,6.36750127354171,0.471238898038469,12.0697362539115,1.94071968105508,9.81,15.0536626651023,0,0
"262",94,40,6.57928533402737,1.64060949687467,17.8810907465355,2.00526831271788,9.81,-4.67214947044843,0,0
"263",5,96,6.63026342517696,0.0872664625997165,42.9146177916853,2.02080567667692,9.81,48.2163052583491,0,0
"264",86,106,6.31190091210883,1.50098315671512,47.3848904783192,1.9237735178631,9.81,31.9881127895659,0,0
"265",20,69,6.47195382004138,0.349065850398866,30.8448815377738,1.97255526365175,9.81,67.3556577121156,0,0
"266",41,19,6.15276683636475,0.715584993317675,8.49351810460438,1.87527181845924,9.81,9.02315214736342,0,0
"267",11,13,5.92733976959717,0.191986217719376,5.81135449262405,1.80656500140115,9.81,4.1663787685021,0,0
"268",92,8,6.65060682175681,1.60570291183478,3.57621814930711,2.02700604137666,9.81,-0.137692813842827,0,0
"269",38,91,6.01863892129622,0.663225115757845,40.6794814483683,1.83439162489979,9.81,165.991515137416,1,0
"270",73,30,5.82002111156471,1.27409035395586,13.4108180599017,1.77385587063844,9.81,10.7681908645043,0,0
"271",23,23,6.00501487865113,0.401425727958696,10.2816271792579,1.83023921933896,9.81,10.8359921026809,0,0
"272",90,69,6.01282098824158,1.5707963267949,30.8448815377738,1.83261840543785,9.81,1.19878145217965e-14,0,0
"273",11,107,6.30066217030399,0.191986217719376,47.8319177469826,1.92034811652057,9.81,96.3262589023233,0,0
"274",19,21,6.39643534848001,0.331612557878923,9.38757264193116,1.9495383567449,9.81,9.00723855100466,0,0
"275",92,112,6.248582766857,1.60570291183478,50.0670540902995,1.90447508895367,9.81,-17.8908510389032,0,0
"276",85,10,5.90401597821619,1.48352986419518,4.47027268663388,1.79945625669497,9.81,0.471768891035582,0,0
"277",36,58,6.37918607152533,0.628318530717959,25.9275815824765,1.94428103368648,9.81,67.7464250397301,0,0
"278",42,72,6.36443542628549,0.733038285837618,32.185963343764,1.9397852564113,9.81,107.133417986098,1,0
"279",86,81,6.02993220351636,1.50098315671512,36.2092087617345,1.8378336493497,9.81,18.7281271736344,0,0
"280",89,106,6.01217928063124,1.55334303427495,47.3848904783192,1.83242282250267,9.81,8.01970833064475,0,0
"281",54,18,6.1179966381751,0.942477796076938,8.04649083594099,1.86467437920607,9.81,7.42263576960283,0,0
"282",59,32,6.07648422168568,1.02974425867665,14.3048725972284,1.8520220120956,9.81,19.4702810811295,0,0
"283",30,106,6.49368618158624,0.523598775598299,47.3848904783192,1.97917896421403,9.81,201.587941499621,1,1
"284",59,112,6.00556061493698,1.02974425867665,50.0670540902995,1.83040555164187,9.81,226.710561616896,1,1
"285",85,112,6.21429543669801,1.48352986419518,50.0670540902995,1.8940248206943,9.81,44.5367129598892,0,0
"286",21,39,6.55422391460743,0.366519142918809,17.4340634778722,1.99762996483006,9.81,25.0404806670213,0,0
"287",70,74,6.03081627762876,1.22173047639603,33.0800178810907,1.83810310198987,9.81,72.3646702734193,0,0
"288",47,113,6.21433694136795,0.820304748437335,50.5140813589629,1.89403747070038,9.81,261.230062405263,1,1
"289",74,96,6.55084010362625,1.2915436464758,42.9146177916853,1.99659862957216,9.81,100.052790644314,1,1
"290",88,54,6.09724280997179,1.53588974175501,24.139472507823,1.85834892105206,9.81,4.20744473380689,0,0
"291",55,37,6.2548456748249,0.959931088596881,16.5400089405454,1.90638393015084,9.81,27.4782712614144,0,0
"292",7,33,6.49450041977689,0.122173047639603,14.7518998658918,1.97942713190396,9.81,12.3640445580032,0,0
"293",14,109,5.96172393860761,0.244346095279206,48.7259722843093,1.81704478470211,9.81,120.493832671743,1,1
"294",12,100,6.6934773680754,0.20943951023932,44.7027268663388,2.04007234625888,9.81,91.5407603316547,0,0
"295",53,0,6.66070443345234,0.925024503556995,0,2.03008364323448,9.81,0,0,0
"296",51,93,6.2655557716731,0.890117918517108,41.5735359856951,1.90964820837339,9.81,173.866113953377,1,0
"297",10,56,5.90924471251201,0.174532925199433,25.0335270451498,1.80104989713868,9.81,29.4314317735426,0,0
"298",89,54,6.30675050020218,1.55334303427495,24.139472507823,1.92220374891868,9.81,2.10605662100339,0,0
"299",37,17,5.83370793717913,0.645771823237902,7.5994635672776,1.77802741151452,9.81,7.45102069680962,0,0
"300",66,59,6.65866816721391,1.15191730631626,26.3746088511399,2.02946301957144,9.81,53.5844522825287,0,0
"301",35,67,5.81091285592411,0.610865238198015,29.950827000447,1.77107980979095,9.81,88.3869442672903,0,0
"302",34,78,6.31897032889538,0.593411945678072,34.8681269557443,1.92592817095257,9.81,117.696689184803,1,0
"303",27,70,6.46826567158569,0.471238898038469,31.2919088064372,1.97143117085818,9.81,84.4515517178331,0,0
"304",46,13,5.96980052152649,0.802851455917392,5.81135449262405,1.81950640704861,9.81,4.72099304878484,0,0
"305",31,9,6.06736724823713,0.541052068118242,4.0232454179705,1.84924329418992,9.81,2.96770442721539,0,0
"306",91,98,6.20228798720054,1.58824961931484,43.8086723290121,1.89036512868045,9.81,-6.86047419130695,0,0
"307",80,70,6.15229893736541,1.39626340159546,31.2919088064372,1.87512920980354,9.81,34.466179261173,0,0
"308",53,68,6.3913390442729,0.925024503556995,30.3978542691104,1.94798507902252,9.81,91.9886076601418,0,0
"309",24,87,6.35255426252261,0.418879020478639,38.8913723737148,1.93616405441104,9.81,118.775674236552,1,0
"310",38,37,6.45592694727238,0.663225115757845,16.5400089405454,1.96767051120768,9.81,29.3783269585414,0,0
"311",85,4,6.08839107933454,1.48352986419518,1.78810907465355,1.85565104521016,9.81,0.128243890636056,0,0
"312",20,20,5.92977698920295,0.349065850398866,8.94054537326777,1.80730782968697,9.81,8.35157231573849,0,0
"313",75,62,5.84851989981253,1.30899693899575,27.7156906571301,1.78254187741924,9.81,39.6238025913928,0,0
"314",97,113,6.6595861926442,1.6929693744345,50.5140813589629,2.02974282006833,9.81,-63.1743811950617,0,0
"315",78,104,5.82304084640928,1.36135681655558,46.4908359409924,1.77477624090499,9.81,89.9903134823742,0,0
"316",92,34,6.62868682523258,1.60570291183478,15.1989271345552,2.02032515246345,9.81,-1.71039260271978,0,0
"317",33,2,6.12999827042222,0.575958653158129,0.894054537326777,1.86833229820854,9.81,0.501480407959809,0,0
"318",93,72,6.42855329227168,1.62315620435473,32.185963343764,1.95932742830591,9.81,-11.139954380542,0,0
"319",36,63,6.31241711224429,0.628318530717959,28.1627179257935,1.92393084798668,9.81,79.4555933519424,0,0
"320",45,44,6.05561002285685,0.785398163397448,19.6691998211891,1.84565986676527,9.81,41.2035764997068,0,0
"321",96,90,5.81023292683531,1.67551608191456,40.232454179705,1.77087257751762,9.81,-34.4905639928526,0,0
"322",22,28,6.17923481729813,0.383972435438752,12.5167635225749,1.88333886537584,9.81,14.6289709044317,0,0
"323",44,90,6.35286324252374,0.767944870877505,40.232454179705,1.93625822691976,9.81,166.880773676681,1,0
"324",64,102,5.80427983475383,1.11701072127637,45.5967814036656,1.76905816359459,9.81,167.864198856418,1,1
"325",7,41,6.39723936493974,0.122173047639603,18.3281180151989,1.94978340900327,9.81,16.3364583952211,0,0
"326",5,16,5.90408781615552,0.0872664625997165,7.15243629861421,1.79947815183039,9.81,4.79216490632406,0,0
"327",31,97,6.61206512211356,0.541052068118242,43.3616450603487,2.01525910457591,9.81,172.520019239501,1,1
"328",32,19,5.89089891079348,0.558505360638185,8.49351810460438,1.79545836964141,9.81,8.77396246195703,0,0
"329",82,63,6.3088739118306,1.43116998663535,28.1627179257935,1.92285093320043,9.81,22.5523245111766,0,0
"330",39,48,6.02628850576002,0.680678408277788,21.4573088958426,1.83672310446816,9.81,48.0737093759592,0,0
"331",13,89,6.32307630998548,0.226892802759263,39.7854269110416,1.92717961291846,9.81,78.2759404622966,0,0
"332",30,75,6.65727133478504,0.523598775598299,33.5270451497541,2.02903728582293,9.81,102.63013583512,1,0
"333",54,87,6.45455092270859,0.942477796076938,38.8913723737148,1.96725111938695,9.81,148.052722573566,1,0
"334",2,87,6.16411538633984,0.0349065850398866,38.8913723737148,1.87873068769882,9.81,30.0262036058646,0,0
"335",28,101,6.24312796383165,0.488692190558412,45.1497541350022,1.90281254612364,9.81,175.779777722864,1,1
"336",3,29,6.40492631467059,0.0523598775598299,12.9637907912383,1.95212627694928,9.81,9.1114529449702,0,0
"337",33,85,6.22140900474042,0.575958653158129,37.997317836388,1.89619293042987,9.81,137.311012713903,1,0
"338",93,93,6.06616781989578,1.62315620435473,41.5735359856951,1.84887772627119,9.81,-18.5125683495218,0,0
"339",84,50,6.29155081482604,1.46607657167524,22.3513634331694,1.91757111088877,9.81,10.785945665683,0,0
"340",9,73,6.46152305828873,0.15707963267949,32.6329906124274,1.96937612261162,9.81,43.2000881117848,0,0
"341",54,111,6.49445278081112,0.942477796076938,49.6200268216361,1.97941261225575,9.81,240.12895491405,1,1
"342",10,32,6.53295390470885,0.174532925199433,14.3048725972284,1.99114718217277,9.81,13.2256870338465,0,0
"343",71,105,6.09981568502262,1.23918376891597,46.9378632096558,1.85913309509985,9.81,138.904552098899,1,1
"344",92,6,6.60212010946125,1.60570291183478,2.68216361198033,2.01222801263677,9.81,-0.0907599931831175,0,0
"345",82,24,6.07783305745106,1.43116998663535,10.7286544479213,1.85243311717497,9.81,3.47634964914569,0,0
"346",25,23,6.42889190732967,0.436332312998582,10.2816271792579,1.95943063313919,9.81,11.3192582954262,0,0
"347",74,65,5.97412742234301,1.2915436464758,29.0567724631203,1.82082518206126,9.81,46.1236828787154,0,0
"348",73,35,6.67903683942277,1.27409035395586,15.6459544032186,2.03567108790697,9.81,14.5507762655159,0,0
"349",19,51,5.95218332302757,0.331612557878923,22.7983907018328,1.81413694697579,9.81,37.2353604461236,0,0
"350",79,7,5.95338404448703,1.37881010907552,3.12919088064372,1.81450290901769,9.81,0.595408666636823,0,0
"351",46,110,6.36528136441484,0.802851455917392,49.1729995529727,1.94004308577106,9.81,248.190829591619,1,1
"352",3,77,6.46077598198317,0.0523598775598299,34.4210996870809,1.96914842486534,9.81,28.9880949036355,0,0
"353",22,16,6.64520191766787,0.383972435438752,7.15243629861421,2.02535870700027,9.81,6.44160372193953,0,0
"354",61,57,6.4914665897144,1.06465084371654,25.4805543138131,1.97850246562463,9.81,57.2027338180274,0,0
"355",20,36,5.94967687015887,0.349065850398866,16.092981671882,1.81337301742117,9.81,20.9963031973591,0,0
"356",42,112,6.05226563867182,0.733038285837618,50.0670540902995,1.84464054820842,9.81,256.158612285332,1,1
"357",98,16,6.18273913511075,1.71042266695444,7.15243629861421,1.88440692932361,9.81,-1.66590718642771,0,0
"358",87,79,6.5535641486058,1.51843644923507,35.3151542244077,1.9974288779658,9.81,13.3927303712949,0,0
"359",17,95,5.93635425332468,0.296705972839036,42.4675905230219,1.80931248196424,9.81,108.415169977966,1,0
"360",82,51,6.3992684005294,1.43116998663535,22.7983907018328,1.95040182887211,9.81,14.8733399699622,0,0
"361",83,24,6.53627535034902,1.44862327915529,10.7286544479213,1.99215950940232,9.81,3.06507937864125,0,0
"362",46,101,6.40625645187683,0.802851455917392,45.1497541350022,1.95253168298593,9.81,209.540332841338,1,1
"363",17,66,6.13792923474684,0.296705972839036,29.5037997317836,1.87074953817338,9.81,55.1266741296766,0,0
"364",94,13,6.59590237534139,1.64060949687467,5.81135449262405,2.0103329397566,9.81,-0.592744380678589,0,0
"365",74,72,6.31392943472602,1.2915436464758,32.185963343764,1.92439178138556,9.81,56.505960929825,0,0
"366",37,55,6.22295299049001,0.645771823237902,24.5864997764864,1.89666351432186,9.81,61.6515471224566,0,0
"367",45,43,6.37248144270852,0.785398163397448,19.2221725525257,1.94223756254451,9.81,39.5160710858995,0,0
"368",50,54,6.46653815526515,0.872664625997165,24.139472507823,1.97090464957792,9.81,60.1070954481489,0,0
"369",51,72,5.93128983743954,0.890117918517108,32.185963343764,1.80776892332811,9.81,104.736133617655,1,0
"370",74,87,6.16576295229606,1.2915436464758,38.8913723737148,1.87923284129718,9.81,82.240090750861,0,0
"371",48,109,6.2124604228884,0.837758040957278,48.7259722843093,1.89346553577824,9.81,242.38758849988,1,1
"372",34,66,6.30242050855886,0.593411945678072,29.5037997317836,1.92088403186799,9.81,85.0276694335285,0,0
"373",58,35,6.16872095253784,1.01229096615671,15.6459544032186,1.88013439577502,9.81,23.5472533641427,0,0
"374",68,34,6.69830759358592,1.18682389135614,15.1989271345552,2.04154452715206,9.81,17.1448982160894,0,0
"375",89,38,6.47524755029008,1.55334303427495,16.9870362092088,1.97355914364221,9.81,1.05992670122473,0,0
"376",90,96,5.96960406061262,1.5707963267949,42.9146177916853,1.81944652868413,9.81,2.31008191358076e-14,0,0
"377",61,59,5.89786801862065,1.06465084371654,26.3746088511399,1.79758245005201,9.81,61.114907326065,0,0
"378",33,119,6.46943337086122,0.575958653158129,53.1962449709432,1.97178706822957,9.81,266.527867445712,1,1
"379",86,36,5.90356942289509,1.50098315671512,16.092981671882,1.79932015327494,9.81,3.79595477079888,0,0
"380",19,85,6.69803830692545,0.331612557878923,37.997317836388,2.04146245258319,9.81,96.1952056471604,0,0
"381",70,3,6.50030993970577,1.22173047639603,1.34108180599017,1.9811977871703,9.81,0.356326126231676,0,0
"382",89,28,6.16736473587807,1.55334303427495,12.5167635225749,1.87972104110883,9.81,0.588435798712382,0,0
"383",30,90,6.0504099710146,0.523598775598299,40.232454179705,1.8440749683068,9.81,146.019885216808,1,0
"384",89,7,6.66102628491353,1.55334303427495,3.12919088064372,2.03018173877279,9.81,0.0566323464262812,0,0
"385",2,43,6.02907880444545,0.0349065850398866,19.2221725525257,1.83757354600593,9.81,13.14503638489,0,0
"386",38,43,5.9080955831334,0.663225115757845,19.2221725525257,1.80069965959567,9.81,38.7213277118259,0,0
"387",9,11,6.29049107613973,0.15707963267949,4.91729995529727,1.91724811829922,9.81,3.44107512788278,0,0
"388",56,110,6.40617559438106,0.977384381116825,49.1729995529727,1.95250703882385,9.81,229.843181640059,1,1
"389",75,8,6.13689971889835,1.30899693899575,3.57621814930711,1.87043575705527,9.81,0.983895668625956,0,0
"390",6,87,5.93240432357416,0.10471975511966,38.8913723737148,1.80810860212562,9.81,44.4601763251488,0,0
"391",31,66,6.67210539693478,0.541052068118242,29.5037997317836,2.03355848733154,9.81,81.5965247503493,0,0
"392",69,2,5.86231311503798,1.20427718387609,0.894054537326777,1.78674584426638,9.81,0.222550055780946,0,0
"393",14,25,6.34214865444228,0.244346095279206,11.1756817165847,1.93299257983611,9.81,10.4229432403905,0,0
"394",64,104,5.97538151473273,1.11701072127637,46.4908359409924,1.82120741076889,9.81,174.503002177654,1,1
"395",47,6,6.30775646814145,0.820304748437335,2.68216361198033,1.92251035298429,9.81,1.56797404963243,0,0
"396",65,26,5.93284192387946,1.13446401379631,11.6227089852481,1.80824197619002,9.81,11.3335266337964,0,0
"397",41,86,6.54168333290145,0.715584993317675,38.4443451050514,1.9938077820486,9.81,151.452484666732,1,0
"398",10,43,6.09657331781928,0.174532925199433,19.2221725525257,1.85814486980167,9.81,19.7542151599457,0,0
"399",49,108,6.22848911976907,0.855211333477221,48.278945015646,1.89835084418442,9.81,236.926543686829,1,1
"400",76,48,5.97080522254109,1.32645023151569,21.4573088958426,1.81981262497443,9.81,22.4786232988105,0,0
"401",22,95,6.2674929711502,0.383972435438752,42.4675905230219,1.91023863796105,9.81,132.27266405057,1,0
"402",1,78,6.24558236382436,0.0174532925199433,34.8681269557443,1.90356061073586,9.81,23.9883358064787,0,0
"403",4,46,5.92749716015533,0.0698131700797732,20.5632543585159,1.80661297170232,9.81,15.8049940346052,0,0
"404",67,19,6.47795270204078,1.1693705988362,8.49351810460438,1.97438363366071,9.81,6.02555675301104,0,0
"405",59,98,5.80983234604355,1.02974425867665,43.8086723290121,1.77075048645033,9.81,173.794790540624,1,1
"406",53,90,5.96016575873364,0.925024503556995,40.232454179705,1.81656987465213,9.81,159.965484954963,1,0
"407",38,44,5.90230861932505,0.663225115757845,19.6691998211891,1.79893587909937,9.81,40.4441050075044,0,0
"408",59,18,6.28303273066413,1.02974425867665,8.04649083594099,1.91497492553006,9.81,6.81181339033163,0,0
"409",69,65,6.29088203157298,1.20427718387609,29.0567724631203,1.91736727570039,9.81,58.3154497067572,0,0
"410",42,21,5.81882944130339,0.733038285837618,9.38757264193116,1.77349266726711,9.81,10.5950187862407,0,0
"411",62,36,5.93565920349211,1.08210413623648,16.092981671882,1.80910064111311,9.81,22.8095887787011,0,0
"412",20,104,6.30070377115626,0.349065850398866,46.4908359409924,1.92036079584159,9.81,146.715802810294,1,1
"413",34,49,6.47907508329954,0.593411945678072,21.904336164506,1.97472571877462,9.81,48.1075915940706,0,0
"414",87,32,6.3952077653259,1.51843644923507,14.3048725972284,1.949164207658,9.81,2.27815433086473,0,0
"415",57,67,6.48921950645745,0.994837673636768,29.950827000447,1.97781758806993,9.81,84.8022305678966,0,0
"416",20,81,5.92855783090927,0.349065850398866,36.2092087617345,1.80693624837222,9.81,90.6152377806117,0,0
"417",9,61,6.32743957317434,0.15707963267949,27.2686633884667,1.92850947064137,9.81,32.2628312642534,0,0
"418",27,100,6.43654196327552,0.471238898038469,44.7027268663388,1.96176225640827,9.81,168.563992790695,1,1
"419",46,98,6.17808328482788,0.802851455917392,43.8086723290121,1.88298789540624,9.81,197.319681031721,1,1
"420",46,41,6.69180745868944,0.802851455917392,18.3281180151989,2.03956338271546,9.81,36.0893966416853,0,0
"421",3,55,5.87741634419654,0.0523598775598299,24.5864997764864,1.79134908387581,9.81,18.403902557414,0,0
"422",95,24,6.29420379195362,1.65806278939461,10.7286544479213,1.91837969885816,9.81,-2.19337898439162,0,0
"423",63,38,6.14081604203675,1.09955742875643,16.9870362092088,1.87162939409837,9.81,24.7153039398286,0,0
"424",18,13,6.14894847651012,0.314159265358979,5.81135449262405,1.87410803916797,9.81,4.5747634714163,0,0
"425",10,60,6.09277840214781,0.174532925199433,26.8216361198033,1.85698823594874,9.81,33.069158927136,0,0
"426",97,90,6.69681094274856,1.6929693744345,40.232454179705,2.04108837023729,9.81,-40.1661820273004,0,0
"427",40,73,6.47176728623454,0.698131700797732,32.6329906124274,1.97249841092183,9.81,109.205750566951,1,0
"428",84,22,6.50181096380111,1.46607657167524,9.83459991059455,1.98165527698906,9.81,2.24042028542801,0,0
"429",53,73,6.61420305958018,0.925024503556995,32.6329906124274,2.01591071611709,9.81,105.846145288989,1,0
"430",70,20,6.40005249530077,1.22173047639603,8.94054537326777,1.95064080929618,9.81,5.87090977169781,0,0
"431",29,40,6.42264575646259,0.506145483078356,17.8810907465355,1.95752689925711,9.81,30.8083919026539,0,0
"432",68,38,6.65146248289384,1.18682389135614,16.9870362092088,2.02726683416454,9.81,21.2218833436878,0,0
"433",91,69,5.91663913361262,1.58824961931484,30.8448815377738,1.80330360670912,9.81,-3.41585966892043,0,0
"434",9,51,6.65550994949881,0.15707963267949,22.7983907018328,2.02850044178568,9.81,24.8209784487046,0,0
"435",40,27,6.65737500698306,0.698131700797732,12.0697362539115,2.02906888356692,9.81,16.7372853735326,0,0
"436",87,7,5.87906740917824,1.51843644923507,3.12919088064372,1.7918523039251,9.81,0.164056789915333,0,0
"437",90,30,6.55945321593899,1.5707963267949,13.4108180599017,1.99922377809783,9.81,2.36149244248528e-15,0,0
"438",76,89,6.48141048457474,1.32645023151569,39.7854269110416,1.97543751434768,9.81,76.2403631572265,0,0
"439",74,61,6.32959155640565,1.2915436464758,27.2686633884667,1.92916536312272,9.81,40.7126718186427,0,0
"440",87,23,6.07450229972601,1.51843644923507,10.2816271792579,1.85141795176044,9.81,1.21625119225261,0,0
"441",54,36,5.81230754111893,0.942477796076938,16.092981671882,1.77150488909446,9.81,26.3349991240338,0,0
"442",57,57,6.09087315867655,0.994837673636768,25.4805543138131,1.85640754607636,9.81,61.6439376079215,0,0
"443",27,82,5.95290428320877,0.471238898038469,36.6562360303978,1.81435668491581,9.81,114.264642780564,1,0
"444",98,83,5.99688497027382,1.71042266695444,37.1032632990612,1.82776134418586,9.81,-38.9357988231513,0,0
"445",80,10,6.22539825756103,1.39626340159546,4.47027268663388,1.89740879535539,9.81,0.943705994351746,0,0
"446",89,90,5.80722680545878,1.55334303427495,40.232454179705,1.76995635643364,9.81,5.78914897368355,0,0
"447",28,112,6.49908652550075,0.488692190558412,50.0670540902995,1.98082490871708,9.81,215.502725179472,1,1
"448",15,70,6.51227911701426,0.261799387799149,31.2919088064372,1.9848458143902,9.81,56.4557582898125,0,0
"449",23,55,5.90711724320427,0.401425727958696,24.5864997764864,1.80040147613662,9.81,48.2245838789498,0,0
"450",61,105,5.97426290574949,1.06465084371654,46.9378632096558,1.82086647538845,9.81,191.461541568911,1,1
"451",83,43,6.69940517405048,1.44862327915529,19.2221725525257,2.04187905335278,9.81,9.3561138388207,0,0
"452",10,117,6.61290826047771,0.174532925199433,52.3021904336164,2.01551608060887,9.81,105.687289702822,1,1
"453",13,3,5.80479460766073,0.226892802759263,1.34108180599017,1.76921505872013,9.81,0.825995915077516,0,0
"454",62,30,6.45141075542197,1.08210413623648,13.4108180599017,1.96629404310331,9.81,16.1810704876204,0,0
"455",1,51,6.16606776753906,0.0174532925199433,22.7983907018328,1.87932574444958,9.81,15.0645622532921,0,0
"456",11,34,5.82062659908552,0.191986217719376,15.1989271345552,1.77404041422905,9.81,14.4087783746857,0,0
"457",26,60,6.15784052158706,0.453785605518526,26.8216361198033,1.87681820225147,9.81,61.4086047458856,0,0
"458",74,60,5.95978273090441,1.2915436464758,26.8216361198033,1.81645313346675,9.81,39.3748143623773,0,0
"459",79,64,6.02819301539566,1.37881010907552,28.6097451944569,1.83730357067835,9.81,31.6092169731866,0,0
"460",81,47,6.62228028413374,1.41371669411541,21.0102816271793,2.0183725340243,9.81,14.2178447625916,0,0
"461",8,4,6.13738010358065,0.139626340159546,1.78810907465355,1.87058217116143,9.81,1.13933304733981,0,0
"462",70,114,6.06978863191325,1.22173047639603,50.9611086276263,1.84998129591992,9.81,170.83804002541,1,1
"463",74,16,6.4939684235258,1.2915436464758,7.15243629861421,1.97926498735928,9.81,3.24652412509031,0,0
"464",91,42,5.81288500039373,1.58824961931484,18.7751452838623,1.77168089009257,9.81,-1.28425318023794,0,0
"465",84,64,5.97188149746507,1.46607657167524,28.6097451944569,1.82014065756327,9.81,17.5367795224857,0,0
"466",25,87,6.69937546942383,0.436332312998582,38.8913723737148,2.04186999982439,9.81,122.338804758555,1,0
"467",24,32,5.81677068704739,0.418879020478639,14.3048725972284,1.77286518959079,9.81,18.7870002756343,0,0
"468",80,81,6.44609309940133,1.39626340159546,36.2092087617345,1.96467330064045,9.81,46.054841139818,0,0
"469",16,66,6.28361790967174,0.279252680319093,29.5037997317836,1.91515327938791,9.81,52.9523808139009,0,0
"470",3,68,6.15231964653358,0.0523598775598299,30.3978542691104,1.87513552164998,9.81,24.3269056959551,0,0
"471",56,38,6.24934659523424,0.977384381116825,16.9870362092088,1.90470789248224,9.81,28.5022772012482,0,0
"472",96,69,6.6909337404184,1.67551608191456,30.8448815377738,2.03929708638171,9.81,-20.3760809876309,0,0
"473",21,79,6.24529637035448,0.366519142918809,35.3151542244077,1.90347344417997,9.81,89.7667219945686,0,0
"474",67,12,6.6790108113084,1.1693705988362,5.36432722396066,2.03566315492484,9.81,2.76861671716661,0,0
"475",10,32,6.47313071091194,0.174532925199433,14.3048725972284,1.97291396248459,9.81,13.1874208791001,0,0
"476",85,119,6.41605441137217,1.48352986419518,53.1962449709432,1.95551795531002,9.81,50.2619061152062,0,0
"477",7,114,6.24527230192907,0.122173047639603,50.9611086276263,1.90346610848189,9.81,76.947762741822,0,0
"478",19,49,5.84906556841452,0.331612557878923,21.904336164506,1.78270818909312,9.81,34.615295787366,0,0
"479",29,9,6.50302545148879,0.506145483078356,4.0232454179705,1.98202543477257,9.81,3.04332416548491,0,0
"480",45,77,6.1116609208053,0.785398163397448,34.4210996870809,1.86274334678613,9.81,122.610820928589,1,0
"481",42,105,5.81995903917123,0.733038285837618,46.9378632096558,1.77383695189614,9.81,225.306062319459,1,1
"482",46,118,6.36049708870705,0.802851455917392,52.7492177022798,1.93858490969432,9.81,285.324184419327,1,1
"483",24,97,5.91665966801811,0.418879020478639,43.3616450603487,1.80330986529049,9.81,146.375991843686,1,1
"484",93,79,5.96186339398846,1.62315620435473,35.3151542244077,1.817087288628,9.81,-13.3834181171147,0,0
"485",30,104,6.37274210208561,0.523598775598299,46.4908359409924,1.94231700764572,9.81,194.114772891754,1,1
"486",45,80,5.95185912505258,0.785398163397448,35.7621814930711,1.81403813625498,9.81,132.159875752059,1,0
"487",99,1,6.1258740467485,1.72787595947439,0.447027268663388,1.86707529617449,9.81,-0.0464067856560552,0,0
"488",42,78,5.99883205431979,0.733038285837618,34.8681269557443,1.82835478644309,9.81,125.252640628233,1,0
"489",98,86,6.54485171996057,1.71042266695444,38.4443451050514,1.99477345929917,9.81,-41.8058089866411,0,0
"490",39,90,5.80327846596483,0.680678408277788,40.232454179705,1.76875296128157,9.81,163.549832759578,1,0
"491",52,39,5.94176429028157,0.907571211037051,17.4340634778722,1.81096138076244,9.81,31.4169070349641,0,0
"492",85,66,6.64348383978941,1.48352986419518,29.5037997317836,2.02483506241677,9.81,15.5835440945265,0,0
"493",53,33,6.48889354513958,0.925024503556995,14.7518998658918,1.97771823990844,9.81,22.7225811876017,0,0
"494",43,48,6.53946986380033,0.750491578357562,21.4573088958426,1.99313314958864,9.81,48.8668219636068,0,0
"495",43,117,6.0266209844267,0.750491578357562,52.3021904336164,1.83682443902063,9.81,280.126798040808,1,1
"496",26,66,5.90580015096348,0.453785605518526,29.5037997317836,1.80000004601142,9.81,73.4367909729073,0,0
"497",97,42,5.91956102252006,1.6929693744345,18.7751452838623,1.80419415498935,9.81,-8.90921466284346,0,0
"498",62,57,6.17742402174044,1.08210413623648,25.4805543138131,1.88278696182275,9.81,55.8519503456522,0,0
"499",6,36,6.12928525921889,0.10471975511966,16.092981671882,1.86811498299875,9.81,12.9958102066183,0,0
"500",58,21,5.93029609555379,1.01229096615671,9.38757264193116,1.80746604558177,9.81,9.07863728700596,0,0
