"","X1","X2","X3","X4","X5","X6","X7","X8","X9","X10"
"1",0.533772448310629,0.647806433262303,0.850785257760435,0.181599574163556,0.929039759561419,0.361790596973151,0.826660859398544,0.421408064197749,0.591114402748644,0.588621560484171
"2",0.583765032701194,0.438152755144984,0.672726593678817,0.66924914275296,0.16379783838056,0.45305931312032,0.648960076272488,0.844623925862834,0.928193064639345,0.758400813676417
"3",0.589578298153356,0.58790649403818,0.409671079833061,0.338127280119807,0.894093335373327,0.0268191080540419,0.178561449516565,0.349590781377628,0.0175954184960574,0.444118457613513
"4",0.691039887722582,0.225954751018435,0.0333544739987701,0.0669127362780273,0.637445190688595,0.525006366893649,0.513361395336688,0.7970259799622,0.689869182882831,0.44507162203081
"5",0.667331497650594,0.818898511584848,0.716760785551742,0.803242873167619,0.0830686411354691,0.223441572394222,0.664490604074672,0.903891936643049,0.396969948196784,0.550080800428987
"6",0.83929373533465,0.386298344470561,0.646188573446125,0.861054305918515,0.630389472469687,0.437038905918598,0.336011734325439,0.648917723447084,0.531160326907411,0.906618237495422
"7",0.711600085254759,0.116279325447977,0.767706224229187,0.859962373040617,0.520582289900631,0.99029161198996,0.00849984074011445,0.0727954199537635,0.973957678768784,0.440172910224646
"8",0.0965012244414538,0.84457822307013,0.153528016060591,0.412814007140696,0.746725962730125,0.66205643909052,0.472257278393954,0.381633542245254,0.75877524795942,0.710887919412926
"9",0.523824728094041,0.2514584264718,0.285196133190766,0.452202451182529,0.506808798294514,0.0193703165277839,0.305840329267085,0.525661725783721,0.43136410205625,0.400128186447546
"10",0.235350535949692,0.431771859759465,0.780373944668099,0.0721226728055626,0.100005679996684,0.294671115698293,0.322834333637729,0.960311741335317,0.924266204237938,0.832559698261321
"11",0.454364888370037,0.119204021058977,0.220170008251444,0.351687342626974,0.00175581779330969,0.149134939536452,0.131567917997018,0.939230266259983,0.462287018075585,0.775593375554308
"12",0.649252912262455,0.0973321993369609,0.598340075928718,0.734892187640071,0.669684836408123,0.668878611642867,0.761869644280523,0.550847133155912,0.0863775624893606,0.524860506178811
"13",0.153727122116834,0.0128550101071596,0.60899093025364,0.633952646283433,0.0946624022908509,0.616397751728073,0.480603492353112,0.485595847014338,0.541583599289879,0.0812584739178419
"14",0.649288673652336,0.186673805583268,0.365308329230174,0.0456659633200616,0.80630460078828,0.47661342099309,0.420060421572998,0.282479480607435,0.625962734222412,0.00317237852141261
"15",0.38321367255412,0.460872261319309,0.345225363969803,0.735293759964406,0.217474412173033,0.350192170590162,0.659569366369396,0.469818084267899,0.0390981859527528,0.706367689417675
"16",0.307298062834889,0.421911230077967,0.979319583391771,0.144514925777912,0.489620249019936,0.516859320690855,0.694159152684733,0.917750880355015,0.338984978850931,0.689810129115358
"17",0.566767376614735,0.781115785939619,0.890115920919925,0.995679245796055,0.413354417774826,0.37929241778329,0.169349774951115,0.290054936893284,0.691599963931367,0.12033154303208
"18",0.131787853315473,0.19987202459015,0.379945721942931,0.570354240713641,0.932332294993103,0.175180161371827,0.177499956684187,0.724190770881251,0.143206808948889,0.0752035593613982
"19",0.92217757133767,0.467549231369048,0.0102544857654721,0.00818963465280831,0.789955665590242,0.84672984527424,0.610930187627673,0.182253539795056,0.2062678784132,0.247241936158389
"20",0.646329617826268,0.792932976502925,0.0538643281906843,0.652274119434878,0.226417012279853,0.510733423987404,0.165505640441552,0.99678999488242,0.572399571305141,0.970613466808572
"21",0.460360691649839,0.0697931791655719,0.784207606455311,0.686981048900634,0.379707195796072,0.434224161086604,0.869645504280925,0.480284779798239,0.94174626795575,0.52521659899503
"22",0.0987470059189945,0.231331439921632,0.52066709776409,0.298788559157401,0.0589190302416682,0.321473246673122,0.220036934595555,0.543487359303981,0.919637560611591,0.948926731245592
"23",0.206593812676147,0.64732704940252,0.606014521792531,0.0869103143922985,0.536598261911422,0.592455530539155,0.632470122538507,0.83317120349966,0.918115022126585,0.18114275438711
"24",0.922339834040031,0.634285614592955,0.888005181215703,0.503549782792106,0.504815001506358,0.519335387041792,0.670342964120209,0.285668602678925,0.849184705177322,0.397776953643188
"25",0.319426805945113,0.0545100804883987,0.381021996028721,0.999287510290742,0.982473918702453,0.515890769427642,0.0101521015167236,0.960430557839572,0.235068616224453,0.230721395462751
"26",0.265324290841818,0.856420518597588,0.050943108741194,0.395974373212084,0.937435226049274,0.983467527432367,0.252240095986053,0.634320574114099,0.875229697441682,0.635452709626406
"27",0.717369557125494,0.294828343903646,0.736812766408548,0.919277884066105,0.128039610339329,0.414260471006855,0.665038420585915,0.650785477366298,0.287442714907229,0.616526858881116
"28",0.380335360299796,0.000440856209024787,0.733275530394167,0.345613459590822,0.443263867404312,0.558792539639398,0.0648198921699077,0.178094680653885,0.568764978321269,0.428627432789654
"29",0.0306209393311292,0.27313155378215,0.903001442784443,0.758067883551121,0.147233479190618,0.146207561949268,0.61926476075314,0.146737190894783,0.339080354664475,0.938806834397838
"30",0.521419376134872,0.353734536562115,0.8307359975297,0.393664813600481,0.671653697732836,0.573219036217779,0.329251328250393,0.0423372518271208,0.868598913308233,0.880950373131782
"31",0.263748623430729,0.50571176991798,0.14088263339363,0.678475744556636,0.562049804953858,0.812396221561357,0.282481231261045,0.33254281245172,0.951918689068407,0.763801782391965
"32",0.166053713066503,0.299829249735922,0.377729565370828,0.270103103946894,0.711894968524575,0.103405041387305,0.205161691410467,0.785139066167176,0.0496855296660215,0.968671421054751
"33",0.483074694639072,0.508848466677591,0.636458001332358,0.654003645060584,0.61629788717255,0.399691041791812,0.647952106548473,0.175871460232884,0.679052828811109,0.73075968073681
"34",0.325727710267529,0.924711895175278,0.817825248464942,0.37133824522607,0.382548874476925,0.441881775623187,0.35006457567215,0.635448655579239,0.896202701842412,0.575594178400934
"35",0.925363896647468,0.237183231860399,0.0100753684528172,0.345586454262957,0.547638882882893,0.201830556849018,0.868683091597632,0.324884567409754,0.0316121208015829,0.849832683103159
"36",0.560558849247172,0.427018295042217,0.313384585082531,0.610149686923251,0.802779849153012,0.815573796397075,0.628171894466504,0.651751797180623,0.692223883466795,0.442386811831966
"37",0.178553035715595,0.435261265141889,0.153328083688393,0.549069691216573,0.356350074289367,0.0940691775176674,0.540121115045622,0.802915462758392,0.5134496842511,0.959669128526002
"38",0.97232205234468,0.635979266371578,0.445975144626573,0.899534479249269,0.268725363537669,0.903799011139199,0.0954262504819781,0.271751555148512,0.914156212471426,0.535858046961948
"39",0.49377332511358,0.344799651065841,0.445896353339776,0.449058379046619,0.0032651680521667,0.759522119071335,0.318993097404018,0.487114596413448,0.380072606028989,0.0687244141008705
"40",0.485940594226122,0.855488849105313,0.813352562719956,0.0456854437943548,0.880070203216746,0.513183234492317,0.0987321541178972,0.398785472614691,0.70468779746443,0.814099950250238
"41",0.586856648791581,0.280330252600834,0.0377266851719469,0.018251117086038,0.150030803168193,0.0530339395627379,0.825682992814109,0.274217872181907,0.249115362763405,0.363809015136212
"42",0.720570024335757,0.909205845324323,0.210796097991988,0.875075158895925,0.0940860621631145,0.585604632506147,0.425448880065233,0.543745558010414,0.567714880919084,0.586587886326015
"43",0.691673029214144,0.593017667066306,0.420771204400808,0.247303586918861,0.983297945698723,0.427623935742304,0.600227203918621,0.303179811686277,0.304427617229521,0.996330469613895
"44",0.176150461426005,0.714131691493094,0.741954804863781,0.197583070490509,0.836461429251358,0.296208750456572,0.0993871397804469,0.726330749457702,0.511229370487854,0.574089565314353
"45",0.952475879574195,0.849353822181001,0.317191089270636,0.925082659814507,0.607305124169216,0.803849567193538,0.35733837611042,0.659334866097197,0.821085567818955,0.880166529444978
"46",0.68901189067401,0.748301131650805,0.807849664706737,0.87795097893104,0.96731391758658,0.574638351099566,0.336922416929156,0.171208087122068,0.588132994482294,0.298467440996319
"47",0.157799605978653,0.669178567128256,0.353649540338665,0.368825635872781,0.377917987992987,0.298162997467443,0.72160834656097,0.347465995000675,0.459809723775834,0.522110901307315
"48",0.576220999006182,0.838071583071724,0.609410120872781,0.191988431848586,0.172759504755959,0.113711786689237,0.163766679354012,0.465182497864589,0.672285117208958,0.549377528950572
"49",0.653276739176363,0.918183454545215,0.893769723363221,0.622584244934842,0.32760059623979,0.832185487961397,0.0661412831395864,0.662970975041389,0.671906007919461,0.712600554572418
"50",0.832807912724093,0.226576649351045,0.355865417746827,0.0477084184531122,0.547652280889452,0.939744496019557,0.504465710604563,0.684693512739614,0.233678050804883,0.853776497300714
"51",0.0671871828380972,0.186757281422615,0.0534123182296753,0.788249272620305,0.0697460838127881,0.175875548273325,0.44504786352627,0.954027391970158,0.878918106434867,0.228369326330721
"52",0.118626093957573,0.49845328181982,0.0818410331849009,0.847314713522792,0.095897602615878,0.953105582855642,0.862028519390151,0.258589442120865,0.961548794060946,0.437253387644887
"53",0.892374709015712,0.919167391490191,0.179852584144101,0.484247718704864,0.850093836663291,0.77144468203187,0.0236228869762272,0.67601267225109,0.370051004691049,0.260396947385743
"54",0.5579351214692,0.955517760012299,0.0709272101521492,0.284588893642649,0.860588938929141,0.0182073276955634,0.145221583312377,0.955375289544463,0.704956170171499,0.882332697976381
"55",0.515005543828011,0.602779528824612,0.491738452576101,0.258037420222536,0.287011502543464,0.054381747962907,0.374282091623172,0.21450360561721,0.130917831324041,0.462896239478141
"56",0.134100054623559,0.725211635930464,0.862601954955608,0.610891973832622,0.280598821118474,0.785266264341772,0.538450967287645,0.0379689468536526,0.61604382051155,0.535041264025494
"57",0.149258959572762,0.169536873465404,0.566346587846056,0.5638540124055,0.273068627575412,0.328188199549913,0.257762839086354,0.186539842979982,0.939247132278979,0.942935549188405
"58",0.161343818996102,0.219998338725418,0.222847626311705,0.136463748523965,0.596218371065333,0.105031756684184,0.210924768354744,0.363152974983677,0.221557106124237,0.789319305680692
"59",0.56106404424645,0.780487954616547,0.169082082342356,0.368560431990772,0.294977250276133,0.618674891069531,0.45731138647534,0.197379992343485,0.410961212823167,0.626259638229385
"60",0.671786989085376,0.562926618382335,0.306758977705613,0.79741342086345,0.402194366091862,0.169488368323073,0.218923976644874,0.259368576109409,0.398509311489761,0.322176774963737
"61",0.14740265137516,0.918362358585,0.999923422234133,0.435399951878935,0.960000193910673,0.746313306968659,0.980143616674468,0.418736818712205,0.506382103776559,0.79111540899612
"62",0.570647349581122,0.889819635543972,0.359521538717672,0.807744707213715,0.942994521697983,0.850621036021039,0.279205682687461,0.632583833532408,0.923303414136171,0.663045999128371
"63",0.758280236506835,0.416222325293347,0.651333183515817,0.0887887263670564,0.318467661738396,0.789343348704278,0.620275426190346,0.0882790703326464,0.267786572687328,0.207211251370609
"64",0.565787035273388,0.293108031153679,0.935225713998079,0.254972816910595,0.682191425003111,0.116470201639459,0.634547744411975,0.994484988274053,0.672881022328511,0.949158964212984
"65",0.775718142976984,0.296426590066403,0.815802227938548,0.778016577241942,0.345414488809183,0.608970066532493,0.151610220782459,0.669617534149438,0.125571215292439,0.392013109754771
"66",0.677378375083208,0.277359875617549,0.627044754801318,0.937812350690365,0.439045849489048,0.796132486080751,0.0638373715337366,0.153521035797894,0.221666334429756,0.123506921576336
"67",0.21826605219394,0.743045862531289,0.370964498259127,0.67830992047675,0.850654965732247,0.108555941144004,0.363022216362879,0.35027930769138,0.142001687316224,0.0415290580131114
"68",0.281448057619855,0.2555278649088,0.54070231760852,0.102928992593661,0.499993075150996,0.200114858802408,0.0141349288169295,0.663475810084492,0.675531722139567,0.501539483899251
"69",0.0945557679515332,0.677053087390959,0.857065403135493,0.147499444661662,0.190941744018346,0.593200352741405,0.526760378386825,0.429941209964454,0.978288978338242,0.885561630828306
"70",0.593106886604801,0.604981472017244,0.829584161285311,0.068155295914039,0.812524923589081,0.272600745549425,0.653224176028743,0.671208465704694,0.655764766968787,0.673768809763715
"71",0.355217625852674,0.902489227242768,0.162602289812639,0.167165468679741,0.786120466189459,0.25350061035715,0.221988090779632,0.47607975685969,0.711834465153515,0.425648322096094
"72",0.153351908316836,0.540316759841517,0.522081524133682,0.131646727910265,0.303439272101969,0.406195677118376,0.153132166014984,0.691954746842384,0.658019074704498,0.426056443946436
"73",0.466252540005371,0.2189726466313,0.64908121037297,0.87667794781737,0.373312224401161,0.500154867069796,0.500865787733346,0.040073613403365,0.928009850671515,0.381413695868105
"74",0.275116619188339,0.581047137500718,0.328282601432875,0.821013229899108,0.365157783264294,0.57475716737099,0.98065439122729,0.819187354063615,0.841599958948791,0.896280786488205
"75",0.39794150646776,0.0506482811179012,0.736786507302895,0.0690373829565942,0.465576746035367,0.52641837275587,0.924400058342144,0.198013206711039,0.233377873199061,0.116631588200107
"76",0.311401952290908,0.8876241017133,0.829994129249826,0.273672034265473,0.822258463595062,0.576108309440315,0.00999794527888298,0.295807930408046,0.903560555074364,0.885416759876534
"77",0.58622985589318,0.661498757312074,0.510906287236139,0.863162805791944,0.946865430800244,0.89570072805509,0.235690274275839,0.506900012958795,0.55981430481188,0.534760828129947
"78",0.150715667987242,0.0240218287799507,0.293724077753723,0.763388060731813,0.337483510375023,0.5722784048412,0.365065649151802,0.810620837612078,0.11388460919261,0.410755346994847
"79",0.644267766037956,0.539389770710841,0.43859226279892,0.678769259946421,0.816074158297852,0.739229683764279,0.798787317238748,0.3667859765701,0.601867815945297,0.97348020831123
"80",0.00640907930210233,0.324085826752707,0.0816274103708565,0.388581997249275,0.143550988752395,0.586718399543315,0.559924875851721,0.116578872082755,0.345805070362985,0.714962741592899
"81",0.816851889248937,0.853785623330623,0.217289787949994,0.442311989376321,0.143528347602114,0.92697464232333,0.752275718841702,0.0264148737769574,0.347154297400266,0.83636371139437
"82",0.742108528269455,0.238430351950228,0.580422256141901,0.720915186684579,0.629143174737692,0.597393913660198,0.886537768878043,0.0619110036641359,0.978035558015108,0.612240904010832
"83",0.654247520491481,0.593908303417265,0.994853858370334,0.936799756018445,0.912532975897193,0.215555561240762,0.0590573207009584,0.684142033569515,0.712605018634349,0.255351776489988
"84",0.440734623000026,0.866640949854627,0.564446901669726,0.379492090782151,0.822953046532348,0.368613384431228,0.776823163963854,0.85007610777393,0.170975050423294,0.408350330311805
"85",0.442322012735531,0.246734064305201,0.826851101126522,0.198192747309804,0.346601916477084,0.981209712103009,0.413824145449325,0.755554634146392,0.925484565086663,0.945293088909239
"86",0.786464167991653,0.920447736047208,0.1504738451913,0.543170313583687,0.512502319179475,0.773290500044823,0.981839763466269,0.94500932446681,0.680086571490392,0.510965006658807
"87",0.459340287605301,0.226778722601011,0.645397100364789,0.169832431245595,0.382568107452244,0.0769240905065089,0.291690852260217,0.702514261007309,0.854960451135412,0.604653787100688
"88",0.984272037167102,0.737036923645064,0.306019300129265,0.648133427137509,0.114868225064129,0.384680567542091,0.158724461914971,0.582193831214681,0.0523564075119793,0.486561552155763
"89",0.371441818308085,0.151706734905019,0.9951303654816,0.887727773981169,0.51200434518978,0.986306011211127,0.00144508644007146,0.128084548516199,0.47699397825636,0.679715703008696
"90",0.997792502632365,0.652907069539651,0.0988336170557886,0.917166735976934,0.471261013997719,0.157362159108743,0.21059850230813,0.884157247608528,0.187797748949379,0.402003791183233
"91",0.474391869502142,0.601063033100218,0.278657042654231,0.790569006931037,0.92757960781455,0.3050829207059,0.82459492678754,0.793933963170275,0.531375819584355,0.75686681154184
"92",0.220132116228342,0.654746335931122,0.537419467465952,0.345841282512993,0.0434836409986019,0.429867428261787,0.0445211110636592,0.460617797449231,0.582438416080549,0.94498019409366
"93",0.0311051846947521,0.610761357937008,0.0251569587271661,0.909916924545541,0.158163788728416,0.0168457531835884,0.591890535317361,0.485206414945424,0.775552442064509,0.542896183673292
"94",0.229582376778126,0.605429803486913,0.639548429520801,0.572823922848329,0.743228543084115,0.887359502492473,0.0303562423214316,0.324637732934207,0.982458334881812,0.605254817986861
"95",0.609273809473962,0.912318733753636,0.725720419082791,0.461442269850522,0.0112416546326131,0.763862459454685,0.609970438294113,0.731502909446135,0.494107552338392,0.882788645569235
"96",0.3707454521209,0.0759057686664164,0.361935701454058,0.433070669416338,0.0906791549641639,0.101371451979503,0.0619420919101685,0.788262721151114,0.325673358747736,0.790985481115058
"97",0.307162299053743,0.647846651263535,0.830584272509441,0.446856117108837,0.350730690173805,0.442842153599486,0.601977737853304,0.718690964858979,0.243672310141847,0.571871064836159
"98",0.157705784076825,0.3871437064372,0.703486373415217,0.566900126868859,0.685163247166201,0.440206385450438,0.747011033585295,0.789140292676166,0.183063517091796,0.852484179660678
"99",0.448205397231504,0.864433337468654,0.422698680078611,0.633362516527995,0.233479039976373,0.103215690003708,0.526175479404628,0.983355800621212,0.378871878376231,0.765290411422029
"100",0.683045526500791,0.984019418945536,0.611699514323846,0.53114084340632,0.797903161030263,0.597651707241312,0.48760519688949,0.122928050113842,0.0817773123271763,0.848134162835777
"101",0.686627647373825,0.60463072033599,0.167846072465181,0.4568189419806,0.607740600127727,0.314174908446148,0.901150888996199,0.617960313335061,0.124604798620567,0.702702948590741
"102",0.831901784054935,0.293965346645564,0.672954567242414,0.803079294739291,0.280210467288271,0.998987382510677,0.000338764162734151,0.388927227817476,0.978217021562159,0.104494944913313
"103",0.113058500690386,0.254694898845628,0.218817724846303,0.0576221835799515,0.279840802075341,0.239368085050955,0.908080588327721,0.905519753694534,0.602853066986427,0.877587633905932
"104",0.556645789183676,0.812698284396902,0.692510723369196,0.966434978647158,0.351036288775504,0.281969751697034,0.496587756555527,0.636728980578482,0.797055719187483,0.319453278323635
"105",0.192172982497141,0.342313108034432,0.496556215453893,0.413942024344578,0.0885395968798548,0.727522284956649,0.848795735277236,0.912640729220584,0.114770433399826,0.155581983039156
"106",0.048556562513113,0.964005660964176,0.605707243317738,0.566484744427726,0.508386431029066,0.614031048258767,0.08224843791686,0.95507124136202,0.0602173120714724,0.421584291383624
"107",0.636388586834073,0.48126630904153,0.156460918253288,0.863360892049968,0.745412975316867,0.765995032852516,0.161180334398523,0.599529998842627,0.268902319483459,0.188167819520459
"108",0.0028062432538718,0.936309571843594,0.649450996657833,0.242205441696569,0.870268838480115,0.335062859114259,0.1425062015187,0.571244097081944,0.749357388587669,0.464775090338662
"109",0.501964894589037,0.732265349943191,0.96847756090574,0.455123628024012,0.558531468966976,0.644129352876917,0.46534964395687,0.651546225650236,0.955404491396621,0.564070736523718
"110",0.479473393177614,0.810136515181512,0.371763220056891,0.896207780810073,0.851932623889297,0.277587107615545,0.198166594840586,0.999560625525191,0.579506696900353,0.127039001090452
"111",0.904642434092239,0.776663957396522,0.927888780366629,0.170289954170585,0.499319864902645,0.493327186675742,0.840864430181682,0.437424371484667,0.931314018554986,0.133683814434335
"112",0.07644655671902,0.388567853020504,0.869672049302608,0.631985184270889,0.50879759923555,0.512153389630839,0.916464033536613,0.395302785327658,0.633862226968631,0.888060797471553
"113",0.171706995228305,0.664255394833162,0.44744192971848,0.109595960238948,0.687226565089077,0.990115111228079,0.335544194094837,0.0303959758020937,0.202506556874141,0.0533231396693736
"114",0.598192135570571,0.880302797071636,0.934215341927484,0.184075910365209,0.930016244063154,0.0155152741353959,0.677417639642954,0.696283764438704,0.759133110987023,0.809930917108431
"115",0.494660590775311,0.527066707145423,0.165982118342072,0.279556815512478,0.548412474337965,0.00680889165960252,0.965052918996662,0.449902425054461,0.573043994372711,0.75333903147839
"116",0.822326746303588,0.0874312405940145,0.339381941827014,0.624753955984488,0.139959793072194,0.881927747512236,0.114160333992913,0.863953833002597,0.953454404138029,0.380650506354868
"117",0.884809928480536,0.204975209664553,0.351055703591555,0.772163214161992,0.897429583827034,0.373503621900454,0.415827446151525,0.71323911100626,0.601025394629687,0.635894832666963
"118",0.195553894387558,0.14795483299531,0.547592696733773,0.426198893925175,0.233539707725868,0.459527157479897,0.179152228403836,0.834004079224542,0.208386051235721,0.592570851324126
"119",0.463013116968796,0.467702428344637,0.0791329317726195,0.123636657372117,0.209901525406167,0.249119066866115,0.562495412304997,0.710008362308145,0.183116207597777,0.394101708196104
"120",0.00771505013108253,0.975901484955102,0.647108061471954,0.623121100477874,0.489483954152092,0.913406589068472,0.972613346995786,0.842078145360574,0.935768508119509,0.956083941040561
"121",0.623211886035278,0.796488299034536,0.725319422082976,0.268862380646169,0.873370247660205,0.629094972275198,0.488715669838712,0.887054311111569,0.310419014887884,0.510736340656877
"122",0.632887607207522,0.606278646504506,0.0276533043943346,0.215499579207972,0.437937672482803,0.412266846746206,0.983813253231347,0.585472636157647,0.14732751948759,0.0865744049660861
"123",0.313287796685472,0.647925435565412,0.00329571356996894,0.679255101829767,0.590496614808217,0.988463187823072,0.474369746632874,0.242674318375066,0.423477881355211,0.868947359267622
"124",0.775744611630216,0.110232738777995,0.168523920467123,0.228762099053711,0.965724084060639,0.842011251021177,0.240787856047973,0.447328788461164,0.664673691848293,0.494879878591746
"125",0.998992378823459,0.8608238841407,0.913439707132056,0.130730743985623,0.663723182864487,0.934387672459707,0.178367110900581,0.503948929486796,0.162305011413991,0.187285239109769
"126",0.751483215484768,0.371148490114138,0.757779662963003,0.436154100345448,0.91411796072498,0.487309207674116,0.436701743863523,0.344732889672741,0.422013202682137,0.437095925211906
"127",0.512864344287664,0.443346693180501,0.777240771334618,0.131851327838376,0.666940580122173,0.893005642574281,0.378420716850087,0.273177420953289,0.117016979027539,0.547305344836786
"128",0.59493464557454,0.61475962982513,0.629629192641005,0.0294150549452752,0.156732836039737,0.675986911868677,0.114792814478278,0.103627008385956,0.165042487904429,0.275940884836018
"129",0.108193487860262,0.0456732073798776,0.553760919021443,0.836029726546258,0.991577258333564,0.0292316491249949,0.358657337259501,0.238100665388629,0.688966409536079,0.177130091702566
"130",0.2132862447761,0.60947687830776,0.343689347617328,0.0906147959176451,0.383258829358965,0.830723291495815,0.237652093870565,0.312197204213589,0.251091293990612,0.997579730581492
"131",0.511472947895527,0.867608729284257,0.542017557192594,0.964182970346883,0.315437378361821,0.805567414965481,0.794183386256918,0.433608739404008,0.762343297945336,0.569325565360487
"132",0.653088958235458,0.0627070704940706,0.925106389680877,0.0358193079009652,0.250788741745055,0.872808258514851,0.568474757950753,0.312200866173953,0.111021438147873,0.240327877923846
"133",0.68007022025995,0.481976175680757,0.54391067312099,0.283038010355085,0.721935217501596,0.26101070875302,0.983444024808705,0.0238387943245471,0.168168026953936,0.999992477241904
"134",0.594429644290358,0.951788868522272,0.487364554777741,0.429615056840703,0.0777260926552117,0.396774478489533,0.868148118257523,0.755061130039394,0.160996882943437,0.581953628221527
"135",0.566119617084041,0.770290956366807,0.28390103043057,0.481008469825611,0.0854735490866005,0.392161391209811,0.252928383881226,0.309956315672025,0.353761722799391,0.576154273701832
"136",0.292137912008911,0.460095185553655,0.0314118533860892,0.355790903558955,0.714166708523408,0.6467369440943,0.295463404618204,0.686869082041085,0.234013670589775,0.743752910289913
"137",0.621721982955933,0.897502635605633,0.486688154749572,0.237542560556903,0.754609415307641,0.993754125898704,0.728758912533522,0.934555566404015,0.277406934183091,0.256602708483115
"138",0.734009909210727,0.706441879738122,0.685221680440009,0.159361927071586,0.678954403614625,0.522533498005942,0.510562867391855,0.330980632919818,0.325162439141423,0.474497674731538
"139",0.250146728707477,0.216629917733371,0.828084010863677,0.759835895616561,0.783513593953103,0.528184885624796,0.453672092640772,0.385358282830566,0.0365541719365865,0.171900066081434
"140",0.72550280764699,0.321448234608397,0.801824650261551,0.683726188261062,0.785781409591436,0.368117954349145,0.0308236628770828,0.654293298954144,0.925511438632384,0.435859671095386
"141",0.518633970990777,0.189280191203579,0.636985008837655,0.216002044035122,0.823852409841493,0.130777702666819,0.335162164177746,0.409007091308013,0.673157171113417,0.996981804491952
"142",0.353793057147413,0.118734304793179,0.77191511914134,0.228639466222376,0.0268236931879073,0.470881379209459,0.614425214705989,0.651714271400124,0.128895721631125,0.633149028755724
"143",0.536732925800607,0.505762721411884,0.544558276422322,0.408174795331433,0.220592263853177,0.71612817957066,0.115365631179884,0.793603583006188,0.554211171576753,0.356097829993814
"144",0.827716812724248,0.113454178906977,0.151092910440639,0.249067954253405,0.167421040590852,0.812992523424327,0.736122043570504,0.177242560079321,0.0342127389740199,0.872309443540871
"145",0.799086445942521,0.222672200528905,0.314966519130394,0.644402518868446,0.296044189948589,0.0102950085420161,0.90729463333264,0.738731096964329,0.268221830483526,0.173052299534902
"146",0.121202701702714,0.512509289197624,0.736546512925997,0.17378895310685,0.98724282765761,0.128936096327379,0.885491030989215,0.688096952158958,0.75856508500874,0.669689639238641
"147",0.965792880160734,0.295997495995834,0.281766439089552,0.181185598718002,0.460291080875322,0.42852591141127,0.038807864068076,0.214172413107008,0.612534573301673,0.20794249069877
"148",0.655097562354058,0.913881158223376,0.685150366974995,0.203402501298115,0.556077080545947,0.384476535953581,0.32607857696712,0.810973278479651,0.391999711049721,0.37024100148119
"149",0.523663767147809,0.361922696465626,0.790130149340257,0.296799038769677,0.181327148340642,0.809934169519693,0.78077002428472,0.578197747003287,0.70276752486825,0.123103429563344
"150",0.406266008038074,0.173839804716408,0.437415588879958,0.528837075922638,0.650578035507351,0.0173669715877622,0.790763891069219,0.208587776869535,0.0543885426595807,0.766739977989346
"151",0.811131606576964,0.474527646088973,0.736739274580032,0.090695082442835,0.734380059409887,0.640642888378352,0.793767327442765,0.208766474155709,0.836363495327532,0.858343330444768
"152",0.195899216691032,0.188344074878842,0.0366280239541084,0.0378115733619779,0.361777856945992,0.891157787526026,0.161314829718322,0.654811296612024,0.667296782368794,0.115404263371602
"153",0.901721909409389,0.764127647969872,0.97572522982955,0.649152147350833,0.125422491692007,0.843844814924523,0.708095273002982,0.903838934609666,0.311939096078277,0.969527644105256
"154",0.419387561501935,0.713273212080821,0.537194520933554,0.663290517171845,0.813946252223104,0.346468189265579,0.530583052895963,0.00469814101234078,0.485468104016036,0.259277161909267
"155",0.50262614316307,0.158227163599804,0.926717208465561,0.752402752405033,0.534871274605393,0.519248105352744,0.188505633501336,0.0799131765961647,0.579727543052286,0.905628398759291
"156",0.505678876303136,0.592264361679554,0.249804128194228,0.229866606416181,0.48906563851051,0.00290121207945049,0.516164198983461,0.466810008976609,0.763006788911298,0.944087471114472
"157",0.91441172035411,0.321643696865067,0.149495436111465,0.232416034908965,0.0579819069243968,0.278796292608604,0.601267813239247,0.0252440678887069,0.198219588026404,0.40292884176597
"158",0.148558214539662,0.558250123169273,0.832446444779634,0.294442031998187,0.117299438919872,0.88580765761435,0.616987639572471,0.499346327967942,0.32760646333918,0.266050707316026
"159",0.937065663048998,0.717500108061358,0.341711295768619,0.826616130303591,0.589513207320124,0.92786666424945,0.789597345981747,0.786763846641406,0.0783253088593483,0.312945328885689
"160",0.97547289961949,0.472330391872674,0.144815879641101,0.495536015601829,0.437703831586987,0.33882011170499,0.0390002122148871,0.0159070547670126,0.579589292639866,0.502512869192287
"161",0.424515043152496,0.6310416883789,0.783094346057624,0.510714822914451,0.314462922280654,0.0861854089889675,0.419972928473726,0.538111617788672,0.949326477944851,0.535985539667308
"162",0.812289485475048,0.654785407241434,0.35295485262759,0.395277522271499,0.834191831760108,0.642550439108163,0.512953309807926,0.613649708218873,0.265899184625596,0.269859830616042
"163",0.0294408681802452,0.733634967822582,0.287532779853791,0.481363035738468,0.646652654279023,0.586816839408129,0.688366359565407,0.515120720257983,0.643595382804051,0.473454135702923
"164",0.917813970008865,0.670358466217294,0.0148088582791388,0.308127946453169,0.908841855125502,0.511950090760365,0.286790641956031,0.219839853234589,0.1632670245599,0.1209696251899
"165",0.214090700959787,0.353945373557508,0.441450394922867,0.70494784344919,0.190465598599985,0.788839862216264,0.994347752304748,0.381418611621484,0.811464534373954,0.136825552210212
"166",0.553994835121557,0.379742386052385,0.426848449511454,0.406387825496495,0.58346978505142,0.982102466281503,0.259365804959089,0.461603610543534,0.689222300890833,0.171518738847226
"167",0.0872164210304618,0.0444812853820622,0.887981008738279,0.334847389021888,0.958314174320549,0.631051316391677,0.580980692058802,0.810821845429018,0.216774974716827,0.741042868001387
"168",0.0518532877322286,0.538163705728948,0.287162257824093,0.544222318334505,0.580674537690356,0.138133082306013,0.992704787524417,0.928290159674361,0.487416616175324,0.881588204065338
"169",0.153477014740929,0.760918534360826,0.588195230811834,0.726811069529504,0.869440276175737,0.140277029946446,0.394876128528267,0.914971805177629,0.0423375621903688,0.987049844115973
"170",0.585922011639923,0.634320577373728,0.114031907171011,0.0542579425964504,0.132969179656357,0.262855511857197,0.956910354550928,0.69401348172687,0.977058197371662,0.0124357182066888
"171",0.915327053517103,0.644001607783139,0.582549771526828,0.953309199772775,0.661264660069719,0.182328663533553,0.588932636659592,0.50947811617516,0.641419504303485,0.365601073717698
"172",0.021536301355809,0.367307418491691,0.137482502497733,0.98533230368048,0.359814065974206,0.50469413259998,0.611440981039777,0.830605454742908,0.526582775637507,0.0659119230695069
"173",0.175545275909826,0.506493918364868,0.364339190768078,0.650103794643655,0.942291793646291,0.238556436728686,0.428758206777275,0.366665906039998,0.864745727740228,0.0163793268147856
"174",0.0831422707997262,0.178839627886191,0.373116090893745,0.705161238089204,0.367621270241216,0.640988169470802,0.156275777611881,0.463090256322175,0.0295684058219194,0.97185553656891
"175",0.491874318337068,0.490023673512042,0.29788153199479,0.331352153327316,0.870221517281607,0.530976140871644,0.0453625067602843,0.177558170631528,0.10203368216753,0.505838657729328
"176",0.665890210075304,0.616688848938793,0.978142474312335,0.226049843244255,0.988691468490288,0.411653516348451,0.696983137400821,0.631295625818893,0.587589111179113,0.247838672716171
"177",0.0281726811081171,0.376987713156268,0.719316378235817,0.0222711700480431,0.711718217004091,0.537131622666493,0.176244402071461,0.0800359300337732,0.84510174090974,0.700015211012214
"178",0.879781783558428,0.732218979857862,0.869278735714033,0.649725120980293,0.669133191229776,0.397410648176447,0.235778667964041,0.385391618823633,0.625581516884267,0.954732808517292
"179",0.795590630965307,0.275780056603253,0.781217542942613,0.406130929244682,0.115849691675976,0.363247099798173,0.543927324702963,0.627847850322723,0.888545010937378,0.855865543242544
"180",0.0667986066546291,0.435360056348145,0.641473261639476,0.0708816014230251,0.72563279257156,0.845899404026568,0.810269328765571,0.839098028140143,0.15944835729897,0.379626431735232
"181",0.369471575599164,0.288454270455986,0.375342083629221,0.381129961227998,0.752541285706684,0.0808340122457594,0.0133081946987659,0.168556705815718,0.105256747221574,0.771278932224959
"182",0.111091629136354,0.512484317179769,0.743466425454244,0.401846188586205,0.632692036684602,0.334856319706887,0.658484895946458,0.287486323388293,0.127280328422785,0.0412418148480356
"183",0.82596944947727,0.780322080943733,0.425994063261896,0.961734194774181,0.726619250839576,0.637834936846048,0.384798406623304,0.117578465491533,0.968046575784683,0.902288516750559
"184",0.612556006759405,0.914596569724381,0.257388496771455,0.629601910477504,0.375935598975047,0.271460483083501,0.187618457712233,0.798065789975226,0.928811704041436,0.884292413014919
"185",0.63797692488879,0.107611182844266,0.280669487547129,0.654566471930593,0.932735894806683,0.974294362822548,0.072994199115783,0.472175947390497,0.0775280855596066,0.744791486533359
"186",0.722749287029728,0.41424920829013,0.97647662833333,0.461700869025663,0.261488323332742,0.760588499018922,0.742014190647751,0.437308197608218,0.665311133721843,0.0458032223396003
"187",0.0882246128749102,0.365104064112529,0.112417365889996,0.427385603776202,0.630677683511749,0.0643981941975653,0.433461677981541,0.849088029703125,0.466423303820193,0.779457425232977
"188",0.206456412794068,0.678990347776562,0.269728941377252,0.0262553915381432,0.533788505243137,0.339906023582444,0.674590349430218,0.986013834597543,0.506866056006402,0.312909630127251
"189",0.271994817769155,0.45328939682804,0.732908373232931,0.710368193453178,0.5550943443086,0.429670967161655,0.368035181192681,0.496575715951622,0.494280274724588,0.447099151555449
"190",0.520548412343487,0.314428357407451,0.803517855005339,0.349941987544298,0.498034912161529,0.495041399262846,0.692221902078018,0.011549960821867,0.57885152217932,0.406213944777846
"191",0.77680547744967,0.961613308638334,0.754222456831485,0.0919877709820867,0.551281320629641,0.733340201200917,0.0971158684697002,0.412869228981435,0.979600204154849,0.136601997772232
"192",0.2892326337751,0.842768803238869,0.202012850902975,0.496472600148991,0.546778636286035,0.428116114810109,0.183815408730879,0.210182422306389,0.0458035673946142,0.427214286057279
"193",0.989449516171589,0.235751420957968,0.704040866810828,0.447436985792592,0.0464362821076065,0.493715242482722,0.549423511140049,0.720276413718238,0.299121106974781,0.994646955979988
"194",0.310988950310275,0.47603074926883,0.771920531056821,0.274742046836764,0.416478656465188,0.183150187833235,0.745574088068679,0.886575558921322,0.25383887370117,0.521175744244829
"195",0.58154650288634,0.0395606223028153,0.147069360129535,0.853941998211667,0.72929316200316,0.166967576136813,0.880914273904637,0.322509774006903,0.663462698692456,0.930126206949353
"196",0.701018439838663,0.70458581391722,0.531901517650113,0.318705286365002,0.510770075023174,0.799619115656242,0.66640531946905,0.267326643923298,0.241593383252621,0.606167756952345
"197",0.539472235366702,0.15857503679581,0.654213026631624,0.492335808696225,0.606566809350625,0.903776625636965,0.882973195752129,0.123415505280718,0.991021612193435,0.0735065126791596
"198",0.0112926249857992,0.960236491868272,0.776298914337531,0.773416283773258,0.594650893704966,0.9849428080488,0.25679067405872,0.309302658308297,0.0526748397387564,0.698478227015585
"199",0.603909890400246,0.958699030103162,0.8750575480517,0.0937297139316797,0.82552252849564,0.624501048354432,0.502155252033845,0.334554488537833,0.0308046729769558,0.395422507775947
"200",0.0891786601860076,0.600697421235964,0.113622466335073,0.825916704954579,0.558199829887599,0.0847061269450933,0.662739146966487,0.959779277211055,0.0918400932569057,0.21985817165114
